{
  "type": "FeatureCollection",
  "name": "Riwayat Banjir",
  "crs": {
    "type": "name",
    "properties": {
      "name": "urn:ogc:def:crs:OGC:1.3:CRS84"
    }
  },
  "features": [
    {
      "type": "Feature",
      "properties": {
        "id": null,
        "Lokasi": "Sungai Cimeneng",
        "Tanggal": "1 Maret 2024",
        "Waktu": "05:00",
        "TMA max": "507.0",
        "Luas (ha)": 971,
        "PDA": "PDA Stinggil"
      },
      "geometry": {
        "type": "MultiPolygon",
        "coordinates": [
          [
            [
              [
                108.87195083669047,
                -7.590607438626903
              ],
              [
                108.87233003518442,
                -7.594478665398539
              ],
              [
                108.87249858464061,
                -7.596645146055745
              ],
              [
                108.87296610744976,
                -7.598753486950926
              ],
              [
                108.87321117449747,
                -7.60155613209966
              ],
              [
                108.87296332416132,
                -7.603362941024779
              ],
              [
                108.8724804370241,
                -7.604373860723401
              ],
              [
                108.8717801758559,
                -7.605045950134411
              ],
              [
                108.87045978670398,
                -7.60629117547007
              ],
              [
                108.868800388103,
                -7.607634070027875
              ],
              [
                108.86715932108955,
                -7.609294938593791
              ],
              [
                108.866373850792,
                -7.610080838134491
              ],
              [
                108.86563146073465,
                -7.611214642790022
              ],
              [
                108.8651430257946,
                -7.612334795173983
              ],
              [
                108.86419319273745,
                -7.613134779414577
              ],
              [
                108.86269501982703,
                -7.614081067481834
              ],
              [
                108.86221531864037,
                -7.614441296012125
              ],
              [
                108.8606346282633,
                -7.615963345814588
              ],
              [
                108.85949299435195,
                -7.617288875214197
              ],
              [
                108.8587700157209,
                -7.618517129373412
              ],
              [
                108.85730423006311,
                -7.620953664158309
              ],
              [
                108.85628363043845,
                -7.621961886978155
              ],
              [
                108.85532098428322,
                -7.62332802010415
              ],
              [
                108.85466217347766,
                -7.623662512555136
              ],
              [
                108.85388309181064,
                -7.62415535222904
              ],
              [
                108.85398057776348,
                -7.624573066713882
              ],
              [
                108.85467684107826,
                -7.624715597093799
              ],
              [
                108.85507114345876,
                -7.625512278370476
              ],
              [
                108.8551059219591,
                -7.626525726543378
              ],
              [
                108.85496158034482,
                -7.627518418125474
              ],
              [
                108.85471955275693,
                -7.628133130039134
              ],
              [
                108.85467576528063,
                -7.628927638555941
              ],
              [
                108.85439163115244,
                -7.629999108186015
              ],
              [
                108.85396730885786,
                -7.631228826277285
              ],
              [
                108.85346868259676,
                -7.631385295374179
              ],
              [
                108.85304822231548,
                -7.631840173882813
              ],
              [
                108.85280410561407,
                -7.632872103284438
              ],
              [
                108.8526810547379,
                -7.633586744013853
              ],
              [
                108.85293764826302,
                -7.634044985756593
              ],
              [
                108.85259406030913,
                -7.635056552065825
              ],
              [
                108.85145333322454,
                -7.636183362133442
              ],
              [
                108.85029606416836,
                -7.63663457037624
              ],
              [
                108.84941798057568,
                -7.63700769275455
              ],
              [
                108.84860261910983,
                -7.636785083545324
              ],
              [
                108.8479046514962,
                -7.636980287023111
              ],
              [
                108.84716586160935,
                -7.637373966142607
              ],
              [
                108.84591111060375,
                -7.637407445990111
              ],
              [
                108.84515130998625,
                -7.638019564328282
              ],
              [
                108.84435197913727,
                -7.638571879373642
              ],
              [
                108.84325763150017,
                -7.638387603247285
              ],
              [
                108.842100153914,
                -7.638878520367922
              ],
              [
                108.84056441698147,
                -7.639347674126479
              ],
              [
                108.8394488599367,
                -7.639421565420213
              ],
              [
                108.8380146871471,
                -7.639493858487862
              ],
              [
                108.83706243833568,
                -7.638773844559908
              ],
              [
                108.8360687659187,
                -7.638371508233326
              ],
              [
                108.83545435086768,
                -7.637792260120635
              ],
              [
                108.83484991529372,
                -7.637167807803083
              ],
              [
                108.83409100741267,
                -7.637219192190883
              ],
              [
                108.8333637206933,
                -7.637725130778266
              ],
              [
                108.83250994932708,
                -7.638199448203959
              ],
              [
                108.83146645099058,
                -7.638673765629624
              ],
              [
                108.8307391642712,
                -7.639527536995853
              ],
              [
                108.82991701406668,
                -7.640254823715235
              ],
              [
                108.82944269664088,
                -7.640977169628076
              ],
              [
                108.82958499186866,
                -7.641507812248071
              ],
              [
                108.8301067410369,
                -7.641895171479038
              ],
              [
                108.83025694155504,
                -7.642274625419585
              ],
              [
                108.83007116722999,
                -7.642503878841992
              ],
              [
                108.82981424529108,
                -7.642772658716552
              ],
              [
                108.82936759638189,
                -7.643104680914532
              ],
              [
                108.82844663004703,
                -7.64400983666853
              ],
              [
                108.82839129301404,
                -7.644128416024953
              ],
              [
                108.82847825120874,
                -7.644254900671809
              ],
              [
                108.82861264114601,
                -7.644784555130485
              ],
              [
                108.82852568295131,
                -7.644863608034768
              ],
              [
                108.82827271365761,
                -7.644863608034764
              ],
              [
                108.82800393378305,
                -7.644871513325183
              ],
              [
                108.82783792268407,
                -7.645045429714609
              ],
              [
                108.82780630152236,
                -7.645488125978572
              ],
              [
                108.82798021791177,
                -7.645638326496715
              ],
              [
                108.82839919830445,
                -7.645456504816864
              ],
              [
                108.82861264114601,
                -7.645551368302006
              ],
              [
                108.82868378875986,
                -7.645780621724418
              ],
              [
                108.82873912579286,
                -7.64599406456597
              ],
              [
                108.82878655753544,
                -7.646262844440523
              ],
              [
                108.82876284166414,
                -7.64644466612037
              ],
              [
                108.82860473585559,
                -7.646468381991651
              ],
              [
                108.82835967185231,
                -7.646507908443788
              ],
              [
                108.82831224010977,
                -7.646610677219362
              ],
              [
                108.82848615649918,
                -7.646847835932195
              ],
              [
                108.82844663004704,
                -7.647132426387611
              ],
              [
                108.82835176656191,
                -7.647203574001461
              ],
              [
                108.82814622901077,
                -7.647148236968468
              ],
              [
                108.82795847836304,
                -7.64700594174075
              ],
              [
                108.82767191158513,
                -7.647053373483342
              ],
              [
                108.82721340474026,
                -7.647243100453593
              ],
              [
                108.82707901480299,
                -7.64729053219617
              ],
              [
                108.82704739364128,
                -7.647472353876005
              ],
              [
                108.8271106359647,
                -7.647780660202701
              ],
              [
                108.82687347725187,
                -7.647922955430408
              ],
              [
                108.82655726563475,
                -7.647883428978276
              ],
              [
                108.82638334924533,
                -7.647677891427137
              ],
              [
                108.82614619053248,
                -7.64739330097174
              ],
              [
                108.82588531594836,
                -7.647227289872745
              ],
              [
                108.82553748316953,
                -7.647448638004727
              ],
              [
                108.82492087051614,
                -7.647535596199439
              ],
              [
                108.8243754054766,
                -7.647543501489859
              ],
              [
                108.8238694668892,
                -7.647614649103724
              ],
              [
                108.82344258120617,
                -7.647899239559126
              ],
              [
                108.8230315061039,
                -7.648073155948554
              ],
              [
                108.82229631409407,
                -7.6482549776284
              ],
              [
                108.82115795227243,
                -7.648349841113534
              ],
              [
                108.82017769625936,
                -7.648381462275242
              ],
              [
                108.81903933443773,
                -7.648507946922092
              ],
              [
                108.81828042655664,
                -7.648539568083797
              ],
              [
                108.81755313983726,
                -7.648824158539221
              ],
              [
                108.81685747427959,
                -7.64882415853921
              ],
              [
                108.81677842137529,
                -7.648800442667926
              ],
              [
                108.81631991453045,
                -7.649638403453297
              ],
              [
                108.8148653410917,
                -7.65189931651571
              ],
              [
                108.81451750831296,
                -7.651828168901868
              ],
              [
                108.81404319088728,
                -7.650215489654546
              ],
              [
                108.81442264482781,
                -7.648602810407222
              ],
              [
                108.81480605141351,
                -7.648334030532659
              ],
              [
                108.81593255529951,
                -7.648290551435307
              ],
              [
                108.81624876691664,
                -7.647907144849569
              ],
              [
                108.81624876691664,
                -7.646938746772117
              ],
              [
                108.81639106214435,
                -7.646780640963543
              ],
              [
                108.81745827635207,
                -7.646808309480062
              ],
              [
                108.81879031778922,
                -7.646318181473508
              ],
              [
                108.81926068256966,
                -7.645828053466978
              ],
              [
                108.81922906140795,
                -7.645053335005046
              ],
              [
                108.81922906140795,
                -7.644420911770793
              ],
              [
                108.81946622012079,
                -7.644246995381379
              ],
              [
                108.81992472696561,
                -7.644104700153678
              ],
              [
                108.8202883703253,
                -7.643914973183411
              ],
              [
                108.8203990443913,
                -7.643535519242853
              ],
              [
                108.82044647613387,
                -7.643266739368315
              ],
              [
                108.82038323381043,
                -7.642997959493747
              ],
              [
                108.82031999148701,
                -7.642650126714919
              ],
              [
                108.82057296078071,
                -7.64233391509779
              ],
              [
                108.82090498297869,
                -7.642254862193521
              ],
              [
                108.8211895734341,
                -7.642412968002083
              ],
              [
                108.82115795227239,
                -7.642618505553215
              ],
              [
                108.82122119459581,
                -7.64279242194262
              ],
              [
                108.82152159563208,
                -7.642650126714919
              ],
              [
                108.82186942841095,
                -7.642424825937725
              ],
              [
                108.82242279874092,
                -7.642345773033444
              ],
              [
                108.82270738919632,
                -7.642883332782541
              ],
              [
                108.82315008546036,
                -7.643163970592751
              ],
              [
                108.82387737217967,
                -7.643246976142224
              ],
              [
                108.82469952238418,
                -7.642741037554836
              ],
              [
                108.82458884831819,
                -7.641918887350332
              ],
              [
                108.82536356678014,
                -7.641492001667208
              ],
              [
                108.82554934110517,
                -7.641262748244788
              ],
              [
                108.82548609878175,
                -7.640843767852113
              ],
              [
                108.82533194561842,
                -7.640163912875304
              ],
              [
                108.82523708213327,
                -7.639737027192197
              ],
              [
                108.82495249167786,
                -7.639452436736786
              ],
              [
                108.82466790122245,
                -7.639563110802767
              ],
              [
                108.82449398483304,
                -7.639009740472823
              ],
              [
                108.82471533296503,
                -7.63859866537056
              ],
              [
                108.82503154458215,
                -7.638345696076867
              ],
              [
                108.82549005142697,
                -7.638408938400288
              ],
              [
                108.82656517092518,
                -7.638487991304561
              ],
              [
                108.82675489789554,
                -7.637235002771734
              ],
              [
                108.82691300370409,
                -7.636808117088618
              ],
              [
                108.82760866926168,
                -7.636290320565581
              ],
              [
                108.82797231262137,
                -7.635610465588764
              ],
              [
                108.82967985535383,
                -7.634440482605419
              ],
              [
                108.83062849020519,
                -7.634061028664871
              ],
              [
                108.83187752609285,
                -7.633835727887677
              ],
              [
                108.83222535887168,
                -7.633234925815147
              ],
              [
                108.83219373770997,
                -7.632317912125503
              ],
              [
                108.83197238957798,
                -7.631274413789008
              ],
              [
                108.83227279061421,
                -7.629902845899731
              ],
              [
                108.83258900223133,
                -7.629080695695219
              ],
              [
                108.83241423185942,
                -7.628558326335766
              ],
              [
                108.83215606427292,
                -7.628417957031496
              ],
              [
                108.83158259318134,
                -7.627620367438497
              ],
              [
                108.83132772931809,
                -7.626824375417771
              ],
              [
                108.83065309575595,
                -7.626344163766838
              ],
              [
                108.8304193478778,
                -7.625309863691201
              ],
              [
                108.8306816166215,
                -7.624635672415625
              ],
              [
                108.83168065423362,
                -7.623965173935206
              ],
              [
                108.8321012212364,
                -7.623490452874746
              ],
              [
                108.83252258707712,
                -7.622856792201906
              ],
              [
                108.83341955670362,
                -7.622682473451278
              ],
              [
                108.83402213149121,
                -7.621652359995486
              ],
              [
                108.83434502794168,
                -7.620799656600947
              ],
              [
                108.8343291096656,
                -7.620004861255511
              ],
              [
                108.8347283592133,
                -7.619808179610545
              ],
              [
                108.83598155359088,
                -7.620072729319695
              ],
              [
                108.83705523779474,
                -7.620395982604298
              ],
              [
                108.83801253878768,
                -7.620102746210171
              ],
              [
                108.83861181067952,
                -7.619728247996211
              ],
              [
                108.83851832620098,
                -7.618515836460045
              ],
              [
                108.83889805928884,
                -7.618239580797075
              ],
              [
                108.83961720119763,
                -7.617786206671879
              ],
              [
                108.84001923489801,
                -7.617033229695717
              ],
              [
                108.84043769597085,
                -7.616975712910772
              ],
              [
                108.84073071056578,
                -7.61810964874513
              ],
              [
                108.84274197944929,
                -7.61809980660712
              ],
              [
                108.84402026086063,
                -7.617331321082753
              ],
              [
                108.84468303754775,
                -7.616202143056028
              ],
              [
                108.84425002845798,
                -7.61518671870455
              ],
              [
                108.84441558511342,
                -7.613935857091677
              ],
              [
                108.84575100743766,
                -7.613684215521017
              ],
              [
                108.84804232506566,
                -7.613417450581927
              ],
              [
                108.84987615209936,
                -7.613049062013791
              ],
              [
                108.8508924789623,
                -7.612895159785491
              ],
              [
                108.85207186491006,
                -7.611987074666345
              ],
              [
                108.85322609368177,
                -7.612131871675698
              ],
              [
                108.85457944874533,
                -7.612277651823945
              ],
              [
                108.8559320158267,
                -7.612582369464832
              ],
              [
                108.85660132190613,
                -7.611686092269664
              ],
              [
                108.8569333441041,
                -7.610911373807717
              ],
              [
                108.85736813507766,
                -7.610346145542121
              ],
              [
                108.85736050653993,
                -7.60962907548911
              ],
              [
                108.85760497880173,
                -7.608517664945306
              ],
              [
                108.85762100013926,
                -7.60729584999071
              ],
              [
                108.85758378877026,
                -7.606769158884189
              ],
              [
                108.85781554030778,
                -7.606213994286245
              ],
              [
                108.85780760522809,
                -7.605806656962822
              ],
              [
                108.85763953452317,
                -7.605567408288773
              ],
              [
                108.85770227787746,
                -7.604961738132468
              ],
              [
                108.85807134301956,
                -7.604824483570478
              ],
              [
                108.85823192154328,
                -7.604566989885312
              ],
              [
                108.85849196207167,
                -7.6043298553876
              ],
              [
                108.85888084019125,
                -7.604212565953121
              ],
              [
                108.85893259075712,
                -7.603815457074242
              ],
              [
                108.85919282743188,
                -7.603538586446275
              ],
              [
                108.85954247134895,
                -7.603301893186472
              ],
              [
                108.85979043747402,
                -7.603491864821373
              ],
              [
                108.86003677930768,
                -7.604009654169024
              ],
              [
                108.86042457423808,
                -7.604110908400385
              ],
              [
                108.86107255633033,
                -7.603945224192997
              ],
              [
                108.8613924301804,
                -7.603688514204618
              ],
              [
                108.8613967099716,
                -7.602824266496457
              ],
              [
                108.86153963611484,
                -7.602109714025949
              ],
              [
                108.86212743624175,
                -7.602033137821178
              ],
              [
                108.86309332057223,
                -7.602008093763123
              ],
              [
                108.86356204128663,
                -7.601851455879002
              ],
              [
                108.86358539257633,
                -7.601156181154557
              ],
              [
                108.86345743803311,
                -7.600857526995045
              ],
              [
                108.86315924856198,
                -7.600756717329227
              ],
              [
                108.86251333585763,
                -7.600505182846971
              ],
              [
                108.86159116355938,
                -7.599745645920859
              ],
              [
                108.8612550693132,
                -7.599257217631196
              ],
              [
                108.86088900950314,
                -7.598788509845915
              ],
              [
                108.86078185436097,
                -7.59831114387014
              ],
              [
                108.86016655292177,
                -7.597910746317838
              ],
              [
                108.85992060585257,
                -7.597313486836437
              ],
              [
                108.86020178157115,
                -7.596828100999573
              ],
              [
                108.86112101940229,
                -7.59616704426568
              ],
              [
                108.8616980689171,
                -7.596249359538563
              ],
              [
                108.86198551287607,
                -7.596509062461043
              ],
              [
                108.86264098267743,
                -7.596840116179403
              ],
              [
                108.86283749797398,
                -7.59736759278413
              ],
              [
                108.86305402375075,
                -7.597875299653865
              ],
              [
                108.86343126972669,
                -7.598095707642083
              ],
              [
                108.86358884632851,
                -7.598444178109597
              ],
              [
                108.86390444208055,
                -7.599051713969944
              ],
              [
                108.8643423093198,
                -7.599093605309714
              ],
              [
                108.86449066733186,
                -7.599293018194587
              ],
              [
                108.86430081594258,
                -7.599431162035101
              ],
              [
                108.86404122331226,
                -7.59957889667097
              ],
              [
                108.86392057259931,
                -7.599816722260261
              ],
              [
                108.86424774593235,
                -7.600096488497798
              ],
              [
                108.86467605108824,
                -7.600058859568663
              ],
              [
                108.86522368128334,
                -7.600051619634025
              ],
              [
                108.86612977766579,
                -7.600036207587144
              ],
              [
                108.86627725376815,
                -7.600414430638575
              ],
              [
                108.86619510312393,
                -7.600920668627142
              ],
              [
                108.86614164255968,
                -7.601665467346225
              ],
              [
                108.86641903850033,
                -7.601944987878783
              ],
              [
                108.86658652537032,
                -7.602303441137535
              ],
              [
                108.86723058043361,
                -7.60293245989516
              ],
              [
                108.86818577803419,
                -7.603056364907824
              ],
              [
                108.86882071419679,
                -7.603516456503676
              ],
              [
                108.86953794742875,
                -7.603440506292038
              ],
              [
                108.87005365731808,
                -7.603850340117189
              ],
              [
                108.87056075926391,
                -7.603986941338293
              ],
              [
                108.87158137849005,
                -7.602958795110069
              ],
              [
                108.8710147193595,
                -7.600765526715143
              ],
              [
                108.87069194607972,
                -7.599591709309419
              ],
              [
                108.87051508722648,
                -7.599114000778749
              ],
              [
                108.87036721547646,
                -7.598815249777832
              ],
              [
                108.87014847667817,
                -7.598754571397227
              ],
              [
                108.86973086241669,
                -7.598643246019295
              ],
              [
                108.86953237873591,
                -7.598513127542823
              ],
              [
                108.86933208293287,
                -7.598750564620666
              ],
              [
                108.86901304947347,
                -7.598838405984445
              ],
              [
                108.86863570075784,
                -7.598637869749135
              ],
              [
                108.86842863352489,
                -7.598229551940681
              ],
              [
                108.8681715416452,
                -7.597870659313386
              ],
              [
                108.8677451984877,
                -7.597510935363912
              ],
              [
                108.8673276846407,
                -7.597379740325391
              ],
              [
                108.86700821103717,
                -7.597556985675422
              ],
              [
                108.86649069652995,
                -7.597514705955248
              ],
              [
                108.86624287621311,
                -7.597294936490852
              ],
              [
                108.86614522926708,
                -7.596907024437894
              ],
              [
                108.86594650254555,
                -7.596826574403534
              ],
              [
                108.86550775391521,
                -7.596963495680023
              ],
              [
                108.86507057526997,
                -7.596782531362196
              ],
              [
                108.86476360944361,
                -7.596443260741216
              ],
              [
                108.86490431735685,
                -7.596175730684567
              ],
              [
                108.86540294788105,
                -7.596009301786626
              ],
              [
                108.86577117019618,
                -7.596040914336331
              ],
              [
                108.86607901953192,
                -7.596201373913922
              ],
              [
                108.86635891357898,
                -7.595974263787823
              ],
              [
                108.86685744571729,
                -7.595827700837432
              ],
              [
                108.8674459731146,
                -7.595602105896899
              ],
              [
                108.86827466705009,
                -7.59512933480219
              ],
              [
                108.86834749314716,
                -7.594493905341593
              ],
              [
                108.86843993675362,
                -7.593918177106691
              ],
              [
                108.86877975940247,
                -7.593651622064355
              ],
              [
                108.86904037508582,
                -7.59329527046117
              ],
              [
                108.86914247930882,
                -7.592779194181489
              ],
              [
                108.86929343260117,
                -7.592452106783976
              ],
              [
                108.86965316524352,
                -7.59218564823726
              ],
              [
                108.8696348682046,
                -7.591857730556741
              ],
              [
                108.86937709237515,
                -7.591637914466092
              ],
              [
                108.86925913911601,
                -7.591329376453007
              ],
              [
                108.86912337846181,
                -7.590593581476369
              ],
              [
                108.86942268940655,
                -7.590465904911063
              ],
              [
                108.87195083669047,
                -7.590607438626903
              ]
            ]
          ]
        ]
      }
    },
    {
      "type": "Feature",
      "properties": {
        "id": null,
        "Lokasi": "Desa Tanjungsari",
        "Tanggal": "25 Mei 2025",
        "Waktu": "14:00",
        "TMA max": "617.3",
        "Luas (ha)": 298,
        "PDA": "PDA Cikidang"
      },
      "geometry": {
        "type": "MultiPolygon",
        "coordinates": [
          [
            [
              [
                108.1933743539289,
                -7.175124425324135
              ],
              [
                108.19314929644271,
                -7.17471181993279
              ],
              [
                108.19311178686168,
                -7.174205440588888
              ],
              [
                108.1923991048221,
                -7.174111666636299
              ],
              [
                108.19200525422127,
                -7.173999137893216
              ],
              [
                108.19114253385756,
                -7.174111666636308
              ],
              [
                108.19056113535159,
                -7.174993141790526
              ],
              [
                108.18994222726458,
                -7.174786839094859
              ],
              [
                108.189848453312,
                -7.174486762446608
              ],
              [
                108.1900922655887,
                -7.173961628312183
              ],
              [
                108.19022354912231,
                -7.172986379205376
              ],
              [
                108.19005475600767,
                -7.172573773814038
              ],
              [
                108.18937958354911,
                -7.172142413632185
              ],
              [
                108.18909826169138,
                -7.171654789078774
              ],
              [
                108.1892483000155,
                -7.171279693268464
              ],
              [
                108.1896046410353,
                -7.171223428896925
              ],
              [
                108.18966090540684,
                -7.170810823505587
              ],
              [
                108.18939833833963,
                -7.17049199206683
              ],
              [
                108.18872316588106,
                -7.170323198952181
              ],
              [
                108.18831056048973,
                -7.170004367513424
              ],
              [
                108.18810425779405,
                -7.169460478588475
              ],
              [
                108.18814176737509,
                -7.168879080082498
              ],
              [
                108.18844184402333,
                -7.168822815710951
              ],
              [
                108.18885444941466,
                -7.169179156730749
              ],
              [
                108.18926705480601,
                -7.169235421102293
              ],
              [
                108.18981094373096,
                -7.169422969007449
              ],
              [
                108.19014852996024,
                -7.169366704635902
              ],
              [
                108.19057989014209,
                -7.169179156730745
              ],
              [
                108.19063615451364,
                -7.168654022596302
              ],
              [
                108.19063615451364,
                -7.168185152833431
              ],
              [
                108.19076743804725,
                -7.167960095347237
              ],
              [
                108.19054238056106,
                -7.167584999536938
              ],
              [
                108.19024230391281,
                -7.167359942050751
              ],
              [
                108.19012977516972,
                -7.167022355821465
              ],
              [
                108.1902235491223,
                -7.166666014801678
              ],
              [
                108.190467361399,
                -7.166553486058588
              ],
              [
                108.1907111736757,
                -7.1667035243827
              ],
              [
                108.19078619283776,
                -7.166347183362918
              ],
              [
                108.19067366409466,
                -7.165934577971578
              ],
              [
                108.19089872158085,
                -7.165446953418168
              ],
              [
                108.19127381739116,
                -7.165146876769918
              ],
              [
                108.19172393236353,
                -7.164996838445798
              ],
              [
                108.19224906649796,
                -7.164846800121683
              ],
              [
                108.1920427638023,
                -7.164584233054456
              ],
              [
                108.19208027338333,
                -7.164115363291569
              ],
              [
                108.19251163356519,
                -7.163909060595912
              ],
              [
                108.19296174853756,
                -7.164021589338998
              ],
              [
                108.19341186350992,
                -7.164134118082098
              ],
              [
                108.19371194015817,
                -7.164134118082096
              ],
              [
                108.19393699764436,
                -7.163815286643333
              ],
              [
                108.19395575243487,
                -7.163440190833022
              ],
              [
                108.19373069494868,
                -7.162915056698593
              ],
              [
                108.19384322369176,
                -7.162108600706423
              ],
              [
                108.19440586740723,
                -7.16135840908581
              ],
              [
                108.19513730423732,
                -7.16100206806601
              ],
              [
                108.19603753418207,
                -7.160795765370346
              ],
              [
                108.19661893268804,
                -7.160870784532408
              ],
              [
                108.19701278328887,
                -7.160814520160852
              ],
              [
                108.19712531203196,
                -7.160439424350552
              ],
              [
                108.1970690476604,
                -7.1594079108722
              ],
              [
                108.19781923928103,
                -7.158732738413642
              ],
              [
                108.19825059946288,
                -7.158695228832623
              ],
              [
                108.19813807071979,
                -7.158113830326638
              ],
              [
                108.19780048449051,
                -7.157457412658593
              ],
              [
                108.19761293658536,
                -7.157157336010355
              ],
              [
                108.19684399017423,
                -7.15691352373365
              ],
              [
                108.19665644226907,
                -7.157419903077572
              ],
              [
                108.19618757250619,
                -7.157569941401684
              ],
              [
                108.19579372190536,
                -7.157363638706017
              ],
              [
                108.19554990962867,
                -7.15732612912499
              ],
              [
                108.19532485214248,
                -7.157644960563751
              ],
              [
                108.1948559823796,
                -7.158338887812822
              ],
              [
                108.19433084824516,
                -7.158638964461072
              ],
              [
                108.19369318536764,
                -7.15882651236623
              ],
              [
                108.1931680512332,
                -7.158789002785201
              ],
              [
                108.19283046500392,
                -7.158789002785189
              ],
              [
                108.19251163356516,
                -7.158526435717975
              ],
              [
                108.19245536919361,
                -7.158226359069723
              ],
              [
                108.1921928021264,
                -7.158301378231786
              ],
              [
                108.19211778296433,
                -7.158751493204156
              ],
              [
                108.19178019673505,
                -7.158751493204162
              ],
              [
                108.19149887487733,
                -7.158920286318808
              ],
              [
                108.19149887487733,
                -7.159332891710139
              ],
              [
                108.19119879822908,
                -7.159501684824781
              ],
              [
                108.19103000511444,
                -7.159989309378177
              ],
              [
                108.19069241888518,
                -7.160026818959212
              ],
              [
                108.19027981349383,
                -7.159839271054058
              ],
              [
                108.18947335750167,
                -7.159595458777358
              ],
              [
                108.18872316588106,
                -7.159332891710136
              ],
              [
                108.18852624058061,
                -7.159323514314877
              ],
              [
                108.18783231333155,
                -7.159267249943333
              ],
              [
                108.18640694925237,
                -7.159286004733859
              ],
              [
                108.18597558907052,
                -7.159548571801073
              ],
              [
                108.18552547409816,
                -7.159642345753645
              ],
              [
                108.18513162349733,
                -7.159567326591593
              ],
              [
                108.18462524415341,
                -7.159923667611382
              ],
              [
                108.18413761960001,
                -7.159811138868291
              ],
              [
                108.18366874983712,
                -7.159773629287261
              ],
              [
                108.18297482258805,
                -7.159923667611383
              ],
              [
                108.18271225552084,
                -7.159473552639001
              ],
              [
                108.18297482258805,
                -7.158873399342515
              ],
              [
                108.18359373067506,
                -7.1589671732951
              ],
              [
                108.18396882648537,
                -7.159173475990759
              ],
              [
                108.18415637439053,
                -7.158854644551998
              ],
              [
                108.18419388397156,
                -7.158348265208077
              ],
              [
                108.18356492262104,
                -7.15815300162244
              ],
              [
                108.18321777612292,
                -7.157651567791795
              ],
              [
                108.18333349162229,
                -7.156957274795539
              ],
              [
                108.18404707053512,
                -7.156841559296167
              ],
              [
                108.18516565369576,
                -7.157130848044613
              ],
              [
                108.18587923260858,
                -7.157458708626173
              ],
              [
                108.18568637344296,
                -7.15797942837337
              ],
              [
                108.18620709319016,
                -7.158037286123061
              ],
              [
                108.18695083817732,
                -7.157729357121065
              ],
              [
                108.18854499537113,
                -7.157748111911595
              ],
              [
                108.18920141303917,
                -7.158216981674478
              ],
              [
                108.18978281154516,
                -7.158667096646847
              ],
              [
                108.19012039777444,
                -7.158310755627046
              ],
              [
                108.190214171727,
                -7.157954414607263
              ],
              [
                108.19058926753732,
                -7.157954414607251
              ],
              [
                108.19073930586144,
                -7.158329510417571
              ],
              [
                108.19124568520536,
                -7.158423284370151
              ],
              [
                108.19133008176264,
                -7.158160717302935
              ],
              [
                108.19155513924883,
                -7.157888772840453
              ],
              [
                108.19193023505913,
                -7.157794998887879
              ],
              [
                108.19228657607893,
                -7.157926282421476
              ],
              [
                108.19261478491295,
                -7.157991924188289
              ],
              [
                108.19287735198017,
                -7.157973169397778
              ],
              [
                108.19312116425687,
                -7.157663715354261
              ],
              [
                108.19337435392883,
                -7.157466790053859
              ],
              [
                108.19365567578656,
                -7.157476167449119
              ],
              [
                108.19393699764429,
                -7.157279242148707
              ],
              [
                108.19407765857315,
                -7.157035429872001
              ],
              [
                108.19389948806325,
                -7.156641579271184
              ],
              [
                108.19370256276285,
                -7.156275860856123
              ],
              [
                108.19345875048614,
                -7.155994538998393
              ],
              [
                108.19319618341893,
                -7.155947652022114
              ],
              [
                108.19299925811852,
                -7.155985161603141
              ],
              [
                108.19277420063233,
                -7.156144577322521
              ],
              [
                108.19241785961253,
                -7.156172709508288
              ],
              [
                108.1920052542212,
                -7.156041425974688
              ],
              [
                108.19191148026862,
                -7.155797613697975
              ],
              [
                108.19201463161646,
                -7.155497537049744
              ],
              [
                108.19274606844657,
                -7.155056799472623
              ],
              [
                108.1934024861146,
                -7.155075554263143
              ],
              [
                108.19392762024904,
                -7.15533812133036
              ],
              [
                108.19439649001193,
                -7.155225592587261
              ],
              [
                108.19484660498429,
                -7.155263102168301
              ],
              [
                108.19533422953769,
                -7.155075554263142
              ],
              [
                108.19584060888161,
                -7.155075554263139
              ],
              [
                108.19617819511089,
                -7.154700458452829
              ],
              [
                108.19561555139542,
                -7.154531665338185
              ],
              [
                108.19501539809893,
                -7.154456646176131
              ],
              [
                108.19477158582222,
                -7.154006531203762
              ],
              [
                108.19492162414635,
                -7.153743964136535
              ],
              [
                108.1951091720515,
                -7.153387623116756
              ],
              [
                108.19498726591316,
                -7.152899998563341
              ],
              [
                108.19494037893686,
                -7.152487393172007
              ],
              [
                108.19529671995667,
                -7.152140429547468
              ],
              [
                108.19546551307131,
                -7.151802843318189
              ],
              [
                108.1952217007946,
                -7.151352728345814
              ],
              [
                108.19477158582224,
                -7.15095887774499
              ],
              [
                108.19426520647832,
                -7.150096157381294
              ],
              [
                108.19396512983008,
                -7.149083398693459
              ],
              [
                108.19432147084987,
                -7.148633283721088
              ],
              [
                108.19497788851791,
                -7.148502000187472
              ],
              [
                108.19540924869976,
                -7.148877095997788
              ],
              [
                108.19584060888162,
                -7.149008379531383
              ],
              [
                108.19615944032039,
                -7.148689548092624
              ],
              [
                108.19645951696863,
                -7.148314452282317
              ],
              [
                108.19681585798843,
                -7.148014375634073
              ],
              [
                108.19728472775131,
                -7.147901846890988
              ],
              [
                108.1978848810478,
                -7.147695544195318
              ],
              [
                108.1979974097909,
                -7.147264184013464
              ],
              [
                108.19735974691336,
                -7.14692659778417
              ],
              [
                108.1964220073876,
                -7.146701540297997
              ],
              [
                108.19584060888162,
                -7.146082632210982
              ],
              [
                108.1954467582808,
                -7.145538743286045
              ],
              [
                108.19548426786183,
                -7.144488475017179
              ],
              [
                108.1961594403204,
                -7.143644509443985
              ],
              [
                108.19672208403587,
                -7.143475716329338
              ],
              [
                108.19704091547463,
                -7.143925831301703
              ],
              [
                108.19730348254184,
                -7.144263417530989
              ],
              [
                108.19764106877112,
                -7.144450965436141
              ],
              [
                108.19777235230472,
                -7.144075869625835
              ],
              [
                108.19760355919009,
                -7.143606999862942
              ],
              [
                108.19760355919009,
                -7.142875563032854
              ],
              [
                108.19794114541936,
                -7.142350428898405
              ],
              [
                108.19825997685814,
                -7.142106616621707
              ],
              [
                108.19912269722184,
                -7.142144126202737
              ],
              [
                108.19989164363298,
                -7.142894317823371
              ],
              [
                108.20047304213895,
                -7.143250658843164
              ],
              [
                108.20107319543546,
                -7.143381942376765
              ],
              [
                108.20142953645525,
                -7.14356949028192
              ],
              [
                108.20157957477937,
                -7.144150888787897
              ],
              [
                108.20208595412329,
                -7.14471353250336
              ],
              [
                108.20264859783875,
                -7.145163647475735
              ],
              [
                108.20317373197318,
                -7.145426214542945
              ],
              [
                108.20339878945937,
                -7.145782555562736
              ],
              [
                108.20349256341194,
                -7.146401463649746
              ],
              [
                108.20349256341194,
                -7.146945352574702
              ],
              [
                108.20388641401277,
                -7.147095390898823
              ],
              [
                108.20444905772823,
                -7.146814069041091
              ],
              [
                108.20495543707214,
                -7.145951348677376
              ],
              [
                108.2052742685109,
                -7.145163647475736
              ],
              [
                108.20581815743586,
                -7.144488475017175
              ],
              [
                108.20641831073235,
                -7.143794547768104
              ],
              [
                108.20692469007626,
                -7.143250658843161
              ],
              [
                108.20743106942018,
                -7.143231904052645
              ],
              [
                108.20801246792617,
                -7.143419451957791
              ],
              [
                108.20846258289853,
                -7.14317563968109
              ],
              [
                108.20887518828987,
                -7.142969336985418
              ],
              [
                108.2092690388907,
                -7.143006846566449
              ],
              [
                108.20943783200534,
                -7.143250658843161
              ],
              [
                108.20936281284327,
                -7.143775792977586
              ],
              [
                108.20900647182347,
                -7.144375946274087
              ],
              [
                108.20827503499338,
                -7.145351195380885
              ],
              [
                108.2075811077443,
                -7.145970103467899
              ],
              [
                108.20707472840039,
                -7.146307689697167
              ],
              [
                108.2070934831909,
                -7.146682785507483
              ],
              [
                108.20739355983915,
                -7.146832823831608
              ],
              [
                108.20746857900122,
                -7.147245429222942
              ],
              [
                108.20759986253482,
                -7.147601770242727
              ],
              [
                108.20778741043998,
                -7.147976866053053
              ],
              [
                108.20801246792617,
                -7.148370716653867
              ],
              [
                108.20814375145977,
                -7.148802076835717
              ],
              [
                108.20797495834513,
                -7.149270946598606
              ],
              [
                108.2075811077443,
                -7.14966479719943
              ],
              [
                108.20733729546761,
                -7.14966479719944
              ],
              [
                108.20686842570471,
                -7.149646042408917
              ],
              [
                108.20654959426595,
                -7.14990860947614
              ],
              [
                108.20658710384699,
                -7.150546272353655
              ],
              [
                108.20688718049523,
                -7.150658801096745
              ],
              [
                108.20741231462966,
                -7.150771329839836
              ],
              [
                108.20754359816327,
                -7.151090161278608
              ],
              [
                108.20743106942018,
                -7.15142774750788
              ],
              [
                108.20703721881935,
                -7.151934126851801
              ],
              [
                108.20654959426595,
                -7.152252958290568
              ],
              [
                108.2060244601315,
                -7.152440506195709
              ],
              [
                108.20534928767295,
                -7.152534280148301
              ],
              [
                108.2049366822816,
                -7.152946885539628
              ],
              [
                108.20484290832903,
                -7.153603303207669
              ],
              [
                108.20495543707212,
                -7.154109682551584
              ],
              [
                108.2052930233014,
                -7.154334740037782
              ],
              [
                108.2054055520445,
                -7.154766100219623
              ],
              [
                108.2051804945583,
                -7.155291234354061
              ],
              [
                108.20476788916696,
                -7.155422517887664
              ],
              [
                108.20405520712738,
                -7.155497537049724
              ],
              [
                108.20343629904038,
                -7.15536625351613
              ],
              [
                108.20306120323006,
                -7.155572556211795
              ],
              [
                108.20270486221027,
                -7.156097690346224
              ],
              [
                108.20216097328532,
                -7.156191464298804
              ],
              [
                108.20157957477934,
                -7.156266483460858
              ],
              [
                108.20096066669234,
                -7.15682912717633
              ],
              [
                108.20084813794924,
                -7.157260487358186
              ],
              [
                108.20105444064491,
                -7.1578981502357
              ],
              [
                108.20084813794924,
                -7.158517058322725
              ],
              [
                108.20041677776739,
                -7.15894841850457
              ],
              [
                108.20009794632863,
                -7.159492307429513
              ],
              [
                108.19936650949852,
                -7.15932351431488
              ],
              [
                108.19878511099255,
                -7.159267249943331
              ],
              [
                108.19848503434429,
                -7.159548571801071
              ],
              [
                108.19829748643915,
                -7.160448801745809
              ],
              [
                108.19816620290553,
                -7.16103020025178
              ],
              [
                108.1980161645814,
                -7.161405296062101
              ],
              [
                108.19831624122965,
                -7.161986694568063
              ],
              [
                108.19876635620203,
                -7.162249261635287
              ],
              [
                108.19867258224944,
                -7.162849414931779
              ],
              [
                108.19807242895295,
                -7.163187001161065
              ],
              [
                108.19726597296079,
                -7.163355794275696
              ],
              [
                108.19651578134018,
                -7.163412058647243
              ],
              [
                108.1961781951109,
                -7.163712135295493
              ],
              [
                108.1961781951109,
                -7.164049721524766
              ],
              [
                108.1966658196643,
                -7.164499836497147
              ],
              [
                108.19664706487379,
                -7.165193763746217
              ],
              [
                108.19660955529275,
                -7.166225277224554
              ],
              [
                108.19640325259708,
                -7.167087997588268
              ],
              [
                108.19615944032039,
                -7.167913208370954
              ],
              [
                108.19548426786183,
                -7.16858838082951
              ],
              [
                108.19486535977482,
                -7.168813438315697
              ],
              [
                108.19432147084987,
                -7.169376082031152
              ],
              [
                108.19424645168782,
                -7.169919970956095
              ],
              [
                108.1945840379171,
                -7.170426350300017
              ],
              [
                108.194471509174,
                -7.170895220062903
              ],
              [
                108.19390886545854,
                -7.17106401317754
              ],
              [
                108.19368380797235,
                -7.171270315873206
              ],
              [
                108.19377758192493,
                -7.171701676055069
              ],
              [
                108.19426520647833,
                -7.171701676055069
              ],
              [
                108.19480909540327,
                -7.17142035419733
              ],
              [
                108.19501539809895,
                -7.171232806292177
              ],
              [
                108.19535298432822,
                -7.17142035419733
              ],
              [
                108.19540924869978,
                -7.171814204798165
              ],
              [
                108.19501539809895,
                -7.172170545817951
              ],
              [
                108.19499664330843,
                -7.172583151209286
              ],
              [
                108.19522170079462,
                -7.172977001810123
              ],
              [
                108.19557804181441,
                -7.173408361991974
              ],
              [
                108.19576558971956,
                -7.174083534450522
              ],
              [
                108.1955592870239,
                -7.174439875470326
              ],
              [
                108.19531547474719,
                -7.174458630260832
              ],
              [
                108.19516543642307,
                -7.174702442537534
              ],
              [
                108.19494037893689,
                -7.174946254814237
              ],
              [
                108.19430271605935,
                -7.174852480861656
              ],
              [
                108.19383384629647,
                -7.174777461699589
              ],
              [
                108.1933743539289,
                -7.175124425324135
              ]
            ]
          ]
        ]
      }
    },
    {
      "type": "Feature",
      "properties": {
        "id": null,
        "Lokasi": "Sungai Cikawung",
        "Tanggal": "27 Jan 2024",
        "Waktu": null,
        "TMA max": "502.5",
        "Luas (ha)": 833,
        "PDA": "PDA Pitulasi"
      },
      "geometry": {
        "type": "MultiPolygon",
        "coordinates": [
          [
            [
              [
                108.80871722252276,
                -7.335527996315367
              ],
              [
                108.8079240434674,
                -7.335079677718849
              ],
              [
                108.80754469696265,
                -7.334493414938792
              ],
              [
                108.80678600395315,
                -7.333838180066953
              ],
              [
                108.80564796443892,
                -7.333803694021061
              ],
              [
                108.80495824352118,
                -7.333734721929287
              ],
              [
                108.80463062608514,
                -7.332971718164057
              ],
              [
                108.8051996458424,
                -7.332320794047965
              ],
              [
                108.8060100679206,
                -7.331928515275993
              ],
              [
                108.80616525512708,
                -7.330919798433829
              ],
              [
                108.80575142257658,
                -7.330562005707767
              ],
              [
                108.80630319931062,
                -7.329143767070688
              ],
              [
                108.80713086441189,
                -7.328454046152969
              ],
              [
                108.8068549760448,
                -7.32766086709758
              ],
              [
                108.80590553209409,
                -7.327313851260864
              ],
              [
                108.80533651233696,
                -7.326512050694014
              ],
              [
                108.80450884723572,
                -7.326369795754732
              ],
              [
                108.804371980741,
                -7.325074413656121
              ],
              [
                108.80551864176672,
                -7.323625999728899
              ],
              [
                108.80619974117296,
                -7.322108613709918
              ],
              [
                108.80682048999904,
                -7.321423203547925
              ],
              [
                108.80751021091676,
                -7.321733577960904
              ],
              [
                108.80744123882499,
                -7.3227336732916
              ],
              [
                108.80813095974271,
                -7.323457880255212
              ],
              [
                108.80888965275221,
                -7.323837226759953
              ],
              [
                108.80878619461456,
                -7.324802836044767
              ],
              [
                108.8081999318345,
                -7.326354708109658
              ],
              [
                108.80775161323797,
                -7.327423775532123
              ],
              [
                108.80778609928386,
                -7.329182563872309
              ],
              [
                108.8081654457886,
                -7.329492938285291
              ],
              [
                108.808648250431,
                -7.328561815046363
              ],
              [
                108.80888965275221,
                -7.327009942981495
              ],
              [
                108.80957937366993,
                -7.325664987191929
              ],
              [
                108.81016563645,
                -7.325423584870721
              ],
              [
                108.81126918991835,
                -7.325768445329592
              ],
              [
                108.81199339688196,
                -7.326354708109649
              ],
              [
                108.81199339688196,
                -7.327251345302687
              ],
              [
                108.81202788292785,
                -7.328010038312184
              ],
              [
                108.81244171547849,
                -7.32959639642296
              ],
              [
                108.8141315317269,
                -7.32963088246883
              ],
              [
                108.81513162705761,
                -7.329699854560617
              ],
              [
                108.81530405728704,
                -7.330596491753653
              ],
              [
                108.8146488224152,
                -7.331596587084346
              ],
              [
                108.8136487270845,
                -7.331700045222011
              ],
              [
                108.81320040848797,
                -7.3324587382315
              ],
              [
                108.81399358754337,
                -7.333045001011571
              ],
              [
                108.81530405728704,
                -7.334596873076442
              ],
              [
                108.8161317223883,
                -7.334769303305872
              ],
              [
                108.81630415261773,
                -7.335562482361261
              ],
              [
                108.81595929215888,
                -7.336148745141326
              ],
              [
                108.81468330846108,
                -7.335941828865995
              ],
              [
                108.81402807358926,
                -7.336321175370756
              ],
              [
                108.8139246154516,
                -7.33639014746252
              ],
              [
                108.81371769917628,
                -7.336700521875494
              ],
              [
                108.81444190613988,
                -7.337424728839117
              ],
              [
                108.81516611310349,
                -7.337769589297982
              ],
              [
                108.8161662084342,
                -7.337321270701459
              ],
              [
                108.81751116422375,
                -7.337355756747349
              ],
              [
                108.81899406419686,
                -7.337114354426141
              ],
              [
                108.82054593626174,
                -7.33649360560018
              ],
              [
                108.82206332228073,
                -7.335596968407135
              ],
              [
                108.82389108271269,
                -7.33594182886601
              ],
              [
                108.82478771990573,
                -7.336838466059048
              ],
              [
                108.82423594317156,
                -7.337735103252092
              ],
              [
                108.82340827807029,
                -7.33766613116031
              ],
              [
                108.82251164087725,
                -7.337390242793219
              ],
              [
                108.82199435018896,
                -7.338148935802722
              ],
              [
                108.82078733858293,
                -7.338217907894488
              ],
              [
                108.81895957815097,
                -7.338804170674561
              ],
              [
                108.81844228746267,
                -7.339252489271082
              ],
              [
                108.81985621534402,
                -7.339597349729936
              ],
              [
                108.8206149083535,
                -7.339114545087542
              ],
              [
                108.8216150036842,
                -7.33956286368406
              ],
              [
                108.82164948973009,
                -7.340700903198301
              ],
              [
                108.82106322695003,
                -7.341045763657164
              ],
              [
                108.82202883623484,
                -7.341321652024241
              ],
              [
                108.82327033388674,
                -7.341838942712532
              ],
              [
                108.82344276411618,
                -7.342839038043244
              ],
              [
                108.82409799898801,
                -7.343908105465717
              ],
              [
                108.82502912222694,
                -7.34390810546572
              ],
              [
                108.82485669199751,
                -7.342735579905582
              ],
              [
                108.82468426176808,
                -7.342080345033747
              ],
              [
                108.8253739826858,
                -7.341459596207796
              ],
              [
                108.82668445242948,
                -7.340942305519501
              ],
              [
                108.82858118495322,
                -7.340942305519495
              ],
              [
                108.829857168651,
                -7.341218193886594
              ],
              [
                108.83006408492632,
                -7.342356233400837
              ],
              [
                108.8296157663298,
                -7.342839038043234
              ],
              [
                108.83089175002759,
                -7.343908105465712
              ],
              [
                108.83247810813835,
                -7.344183993832799
              ],
              [
                108.83382306392791,
                -7.344149507786913
              ],
              [
                108.83423689647854,
                -7.345356519392931
              ],
              [
                108.83375409183614,
                -7.346046240310647
              ],
              [
                108.83306437091842,
                -7.346494558907176
              ],
              [
                108.83154698489943,
                -7.346218670540082
              ],
              [
                108.83002959888043,
                -7.345563435668253
              ],
              [
                108.82833978263201,
                -7.344804742658748
              ],
              [
                108.82744314543898,
                -7.34445988219989
              ],
              [
                108.82706379893422,
                -7.345425491484711
              ],
              [
                108.82816735240259,
                -7.345839324035335
              ],
              [
                108.82927090587094,
                -7.346873905411929
              ],
              [
                108.82940885005448,
                -7.348184375155592
              ],
              [
                108.82844324076967,
                -7.348805123981538
              ],
              [
                108.82706379893422,
                -7.348494749568578
              ],
              [
                108.82661548033771,
                -7.349632789082816
              ],
              [
                108.82716725707188,
                -7.351184661147691
              ],
              [
                108.82702931288834,
                -7.352184756478398
              ],
              [
                108.82709828498011,
                -7.353357282038528
              ],
              [
                108.82840875472378,
                -7.354115975048011
              ],
              [
                108.82999511283452,
                -7.354702237828082
              ],
              [
                108.83220221977125,
                -7.35549541688347
              ],
              [
                108.8343058685703,
                -7.357633551728411
              ],
              [
                108.83540942203865,
                -7.359081965655623
              ],
              [
                108.83847868012252,
                -7.359840658665118
              ],
              [
                108.84061681496748,
                -7.359944116802778
              ],
              [
                108.84247906144533,
                -7.358909535426188
              ],
              [
                108.84341018468426,
                -7.358495702875558
              ],
              [
                108.84337893170512,
                -7.358325428024004
              ],
              [
                108.84320326840894,
                -7.35684037267303
              ],
              [
                108.84416887769375,
                -7.356495512214166
              ],
              [
                108.84516897302444,
                -7.356978316856568
              ],
              [
                108.84692776136464,
                -7.357323177315439
              ],
              [
                108.84723813577762,
                -7.358633647059114
              ],
              [
                108.84690189683015,
                -7.359732889771723
              ],
              [
                108.84648806427951,
                -7.359732889771723
              ],
              [
                108.8461604468436,
                -7.358370690959211
              ],
              [
                108.84514203080103,
                -7.358739260574605
              ],
              [
                108.84510000093267,
                -7.359495798206257
              ],
              [
                108.84376366665451,
                -7.360008778138817
              ],
              [
                108.84369469456274,
                -7.360732985102423
              ],
              [
                108.84584468398599,
                -7.361161905298131
              ],
              [
                108.84624127351368,
                -7.362049920979698
              ],
              [
                108.84761748228236,
                -7.362944402794886
              ],
              [
                108.84885897993426,
                -7.362289167923033
              ],
              [
                108.84965215898966,
                -7.363047860932531
              ],
              [
                108.84982458921908,
                -7.364047956263241
              ],
              [
                108.84937627062256,
                -7.365254967869248
              ],
              [
                108.8492728124849,
                -7.366048146924631
              ],
              [
                108.84982458921908,
                -7.366358521337606
              ],
              [
                108.8510316008251,
                -7.365461884144571
              ],
              [
                108.85265244498174,
                -7.364772163226844
              ],
              [
                108.85320422171593,
                -7.365254967869257
              ],
              [
                108.85313524962416,
                -7.36597917483286
              ],
              [
                108.85244552870643,
                -7.366496465521152
              ],
              [
                108.85210066824757,
                -7.367634505035394
              ],
              [
                108.85107363069349,
                -7.367899616513134
              ],
              [
                108.84973729641541,
                -7.367727186283704
              ],
              [
                108.84971143188099,
                -7.368287584529347
              ],
              [
                108.85055634000518,
                -7.368779010683227
              ],
              [
                108.85104776615908,
                -7.369054899050317
              ],
              [
                108.85161786360516,
                -7.370255444522749
              ],
              [
                108.85237655661466,
                -7.371738344495854
              ],
              [
                108.85330767985354,
                -7.371738344495854
              ],
              [
                108.85410085890888,
                -7.370376145683347
              ],
              [
                108.8555492728361,
                -7.369651938719737
              ],
              [
                108.8572735751304,
                -7.369755396857388
              ],
              [
                108.856790770488,
                -7.371031380555192
              ],
              [
                108.85485955191838,
                -7.371445213105814
              ],
              [
                108.85468712168894,
                -7.372824654941266
              ],
              [
                108.85582516120319,
                -7.372514280528288
              ],
              [
                108.85696320071743,
                -7.371583157289355
              ],
              [
                108.85782535186459,
                -7.371893531702333
              ],
              [
                108.8572735751304,
                -7.372962599124813
              ],
              [
                108.85865301696586,
                -7.373652320042534
              ],
              [
                108.85910133556237,
                -7.372652224711824
              ],
              [
                108.85965311229656,
                -7.372583252620062
              ],
              [
                108.85992900066364,
                -7.373652320042537
              ],
              [
                108.85934273788358,
                -7.375928399071014
              ],
              [
                108.8573080611763,
                -7.37406615259317
              ],
              [
                108.85620450770794,
                -7.374755873510891
              ],
              [
                108.85492852401015,
                -7.375204192107415
              ],
              [
                108.85592861934084,
                -7.376238773483992
              ],
              [
                108.85666899163853,
                -7.376762530305875
              ],
              [
                108.85937722392946,
                -7.378549338558369
              ],
              [
                108.86165330295793,
                -7.378238964145392
              ],
              [
                108.86199816341681,
                -7.378790740879574
              ],
              [
                108.85948068206713,
                -7.379963266439691
              ],
              [
                108.85765292163515,
                -7.378928685063116
              ],
              [
                108.85679077048799,
                -7.379273545521972
              ],
              [
                108.85641142398326,
                -7.377859617640651
              ],
              [
                108.85579067515735,
                -7.377428542067069
              ],
              [
                108.85503198214785,
                -7.377497514158849
              ],
              [
                108.85396291472539,
                -7.377704430434161
              ],
              [
                108.85316973567001,
                -7.377807888571813
              ],
              [
                108.85310076357823,
                -7.378532095535432
              ],
              [
                108.85434226123013,
                -7.379635649003776
              ],
              [
                108.85448020541368,
                -7.381428923389859
              ],
              [
                108.85375599845007,
                -7.381635839665176
              ],
              [
                108.85313524962412,
                -7.381428923389872
              ],
              [
                108.85268693102759,
                -7.380808174563913
              ],
              [
                108.85199721010987,
                -7.38025639782973
              ],
              [
                108.85127300314626,
                -7.379497704820247
              ],
              [
                108.85137646128392,
                -7.378773497856622
              ],
              [
                108.85210066824753,
                -7.377669944388279
              ],
              [
                108.85265244498171,
                -7.377118167654096
              ],
              [
                108.85354908217475,
                -7.376945737424663
              ],
              [
                108.85351459612886,
                -7.375600781635097
              ],
              [
                108.85310076357823,
                -7.374083395616109
              ],
              [
                108.85227309847696,
                -7.373531618881929
              ],
              [
                108.85147991942162,
                -7.373807507249029
              ],
              [
                108.85085917059567,
                -7.374497228166752
              ],
              [
                108.84992804735674,
                -7.375290407222134
              ],
              [
                108.84837617529186,
                -7.375531809543323
              ],
              [
                108.84754851019059,
                -7.374876574671494
              ],
              [
                108.848031314833,
                -7.373152272377184
              ],
              [
                108.848031314833,
                -7.37177283054174
              ],
              [
                108.84734159391527,
                -7.371221053807561
              ],
              [
                108.8457897218504,
                -7.371152081715778
              ],
              [
                108.84523794511622,
                -7.371634886358188
              ],
              [
                108.84423784978553,
                -7.372290121230034
              ],
              [
                108.84358261491369,
                -7.372048718908835
              ],
              [
                108.84285840795008,
                -7.371669372404082
              ],
              [
                108.84213420098646,
                -7.371738344495858
              ],
              [
                108.84147896611462,
                -7.371358997991098
              ],
              [
                108.84089270333456,
                -7.370703763119272
              ],
              [
                108.84061681496748,
                -7.369910584063874
              ],
              [
                108.84158242425228,
                -7.369186377100279
              ],
              [
                108.84092718938045,
                -7.368531142228436
              ],
              [
                108.83989260800386,
                -7.36835871199901
              ],
              [
                108.83896148476494,
                -7.368496656182542
              ],
              [
                108.83809933361778,
                -7.36842768409077
              ],
              [
                108.8377889592048,
                -7.367565532943627
              ],
              [
                108.83723718247063,
                -7.365461884144564
              ],
              [
                108.8358232545893,
                -7.36484113531862
              ],
              [
                108.83437484066208,
                -7.365496370190463
              ],
              [
                108.83340923137726,
                -7.363978984171453
              ],
              [
                108.83361614765258,
                -7.362703000473675
              ],
              [
                108.83285745464309,
                -7.361909821418291
              ],
              [
                108.83123661048644,
                -7.361358044684118
              ],
              [
                108.83047791747694,
                -7.361633933051202
              ],
              [
                108.82961576632978,
                -7.362703000473673
              ],
              [
                108.82868464309085,
                -7.362151223739497
              ],
              [
                108.82765006171427,
                -7.360633837720509
              ],
              [
                108.82744314543895,
                -7.357874954049618
              ],
              [
                108.82620164778704,
                -7.356633456397714
              ],
              [
                108.82496015013514,
                -7.355736819204663
              ],
              [
                108.82399454085032,
                -7.354357377369228
              ],
              [
                108.82295995947375,
                -7.353943544818589
              ],
              [
                108.82192537809716,
                -7.355047098286938
              ],
              [
                108.82102874090411,
                -7.356840372673033
              ],
              [
                108.81978724325222,
                -7.358150842416697
              ],
              [
                108.81820088514145,
                -7.358288786600243
              ],
              [
                108.81716630376486,
                -7.357323177315433
              ],
              [
                108.81516611310347,
                -7.357392149407207
              ],
              [
                108.81468330846106,
                -7.358219814508468
              ],
              [
                108.81516611310347,
                -7.360151033078102
              ],
              [
                108.81537302937879,
                -7.361185614454691
              ],
              [
                108.81730424794841,
                -7.361806363280635
              ],
              [
                108.82002864557343,
                -7.36380655394203
              ],
              [
                108.81989070138988,
                -7.36477216322685
              ],
              [
                108.81892509210508,
                -7.36477216322685
              ],
              [
                108.81782153863671,
                -7.363944498125583
              ],
              [
                108.8165800409848,
                -7.362978888840764
              ],
              [
                108.81395910149746,
                -7.362978888840757
              ],
              [
                108.81230377129492,
                -7.363116833024314
              ],
              [
                108.81009666435821,
                -7.361461502821772
              ],
              [
                108.81023460854175,
                -7.358702619150879
              ],
              [
                108.80926899925694,
                -7.356633456397707
              ],
              [
                108.80844133415567,
                -7.353322795992634
              ],
              [
                108.8091310550734,
                -7.35152952160656
              ],
              [
                108.81106227364302,
                -7.351253633239463
              ],
              [
                108.81299349221266,
                -7.353322795992632
              ],
              [
                108.81644209680127,
                -7.352771019258461
              ],
              [
                108.81837331537089,
                -7.350839800688838
              ],
              [
                108.81906303628861,
                -7.34849474956858
              ],
              [
                108.81740770608607,
                -7.346701475182496
              ],
              [
                108.81520059914936,
                -7.344356424062232
              ],
              [
                108.81368321313037,
                -7.341597540391344
              ],
              [
                108.81147610619365,
                -7.341183707840704
              ],
              [
                108.80816544578859,
                -7.341597540391346
              ],
              [
                108.80664805976959,
                -7.341045763657164
              ],
              [
                108.80499272956706,
                -7.340769875290065
              ],
              [
                108.80444095283288,
                -7.339114545087533
              ],
              [
                108.80664805976959,
                -7.338562768353352
              ],
              [
                108.80830338997212,
                -7.337459214884989
              ],
              [
                108.80871722252276,
                -7.335527996315367
              ]
            ]
          ]
        ]
      }
    },
    {
      "type": "Feature",
      "properties": {
        "id": null,
        "Lokasi": "Sungai Cikawung",
        "Tanggal": "27 Jan 2024",
        "Waktu": null,
        "TMA max": "502.5",
        "Luas (ha)": 634,
        "PDA": "PDA Pitulasi"
      },
      "geometry": {
        "type": "MultiPolygon",
        "coordinates": [
          [
            [
              [
                108.80475132724571,
                -7.391791980178651
              ],
              [
                108.80730329464129,
                -7.392274784821056
              ],
              [
                108.80868273647673,
                -7.393378338289413
              ],
              [
                108.81040703877103,
                -7.393654226656497
              ],
              [
                108.81068292713813,
                -7.392274784821068
              ],
              [
                108.80999320622041,
                -7.390688426710287
              ],
              [
                108.8090275969356,
                -7.389929733700798
              ],
              [
                108.80840684810964,
                -7.388619263957133
              ],
              [
                108.80695843418242,
                -7.388343375590037
              ],
              [
                108.80509618770456,
                -7.387860570947638
              ],
              [
                108.80482029933748,
                -7.386757017479269
              ],
              [
                108.8057859086223,
                -7.385308603552057
              ],
              [
                108.80744123882482,
                -7.383791217533066
              ],
              [
                108.80957937366978,
                -7.383653273349512
              ],
              [
                108.81102778759698,
                -7.384136077991919
              ],
              [
                108.81163129339998,
                -7.38434299426725
              ],
              [
                108.81157956433117,
                -7.385308603552057
              ],
              [
                108.81082087132167,
                -7.38730879421345
              ],
              [
                108.81087260039052,
                -7.3876881407182
              ],
              [
                108.81132091898704,
                -7.387757112809973
              ],
              [
                108.81226928524889,
                -7.387446738397005
              ],
              [
                108.81240722943244,
                -7.386343184928634
              ],
              [
                108.8124762015242,
                -7.385032715184967
              ],
              [
                108.81364872708434,
                -7.385032715184971
              ],
              [
                108.81440742009383,
                -7.384342994267242
              ],
              [
                108.81392461545143,
                -7.382963552431795
              ],
              [
                108.81413153172674,
                -7.381515138504573
              ],
              [
                108.8155109735622,
                -7.381308222229264
              ],
              [
                108.81633863866347,
                -7.380549529219763
              ],
              [
                108.81820088514131,
                -7.380204668760893
              ],
              [
                108.82068388044512,
                -7.381377194321025
              ],
              [
                108.82192537809702,
                -7.38254971988116
              ],
              [
                108.82142533043165,
                -7.383101496615336
              ],
              [
                108.81863196071487,
                -7.381997943146976
              ],
              [
                108.81763186538417,
                -7.381894485009315
              ],
              [
                108.81673522819113,
                -7.382860094294136
              ],
              [
                108.81801121188892,
                -7.383446357074193
              ],
              [
                108.81701111655822,
                -7.384377480313128
              ],
              [
                108.81592480611283,
                -7.385101687276735
              ],
              [
                108.81709733167295,
                -7.385101687276741
              ],
              [
                108.81833882932486,
                -7.38406710590016
              ],
              [
                108.819511354885,
                -7.384342994267234
              ],
              [
                108.81889060605904,
                -7.385515519827379
              ],
              [
                108.81930443860968,
                -7.386619073295721
              ],
              [
                108.82020107580271,
                -7.387101877938133
              ],
              [
                108.82185640600525,
                -7.38648112911218
              ],
              [
                108.82275304319829,
                -7.385998324469786
              ],
              [
                108.82378762457488,
                -7.386343184928636
              ],
              [
                108.82282201529006,
                -7.387446738397006
              ],
              [
                108.82130462927107,
                -7.388067487222942
              ],
              [
                108.8204769641698,
                -7.388826180232443
              ],
              [
                108.81937341070144,
                -7.38917104069131
              ],
              [
                108.81806294095777,
                -7.389515901150158
              ],
              [
                108.81595929215871,
                -7.388722722094784
              ],
              [
                108.81420050381853,
                -7.388343375590035
              ],
              [
                108.81240722943244,
                -7.388136459314717
              ],
              [
                108.81126918991819,
                -7.388101973268839
              ],
              [
                108.81057946900047,
                -7.389205526737186
              ],
              [
                108.81071741318402,
                -7.390067677884341
              ],
              [
                108.81213134106535,
                -7.390895342985608
              ],
              [
                108.813752185222,
                -7.391378147628017
              ],
              [
                108.81516611310333,
                -7.39130917553624
              ],
              [
                108.81702835958119,
                -7.391136745306809
              ],
              [
                108.81840780141664,
                -7.390964315077384
              ],
              [
                108.81978724325208,
                -7.390205622067881
              ],
              [
                108.82106322694987,
                -7.389584873241943
              ],
              [
                108.82264958506063,
                -7.389688331379596
              ],
              [
                108.82302893156537,
                -7.390584968572633
              ],
              [
                108.82306341761127,
                -7.392274784821059
              ],
              [
                108.8241669710796,
                -7.393033477830564
              ],
              [
                108.8266672094064,
                -7.394619835941317
              ],
              [
                108.82828805356306,
                -7.395585445226134
              ],
              [
                108.82859842797603,
                -7.396723484740383
              ],
              [
                108.82959852330673,
                -7.397447691703988
              ],
              [
                108.83001235585736,
                -7.398137412621715
              ],
              [
                108.83115039537161,
                -7.398033954484057
              ],
              [
                108.83259880929882,
                -7.397516663795754
              ],
              [
                108.83397825113427,
                -7.397171803336896
              ],
              [
                108.8361508720251,
                -7.398206384713484
              ],
              [
                108.83749582781466,
                -7.399034049814755
              ],
              [
                108.83853040919125,
                -7.399999659099567
              ],
              [
                108.83808209059472,
                -7.401586017210328
              ],
              [
                108.83628881620864,
                -7.402241252082163
              ],
              [
                108.83401273718016,
                -7.402448168357488
              ],
              [
                108.83304712789534,
                -7.401172184659692
              ],
              [
                108.83133036942363,
                -7.401338148755451
              ],
              [
                108.83117518221714,
                -7.401389877824287
              ],
              [
                108.83101999501065,
                -7.401803710374925
              ],
              [
                108.83089067233857,
                -7.402036491184644
              ],
              [
                108.8307613496665,
                -7.402864156285917
              ],
              [
                108.83078721420091,
                -7.403691821387182
              ],
              [
                108.8312786403548,
                -7.404131518472232
              ],
              [
                108.83187352464633,
                -7.404079789403395
              ],
              [
                108.8321838990593,
                -7.404002195800162
              ],
              [
                108.83236841092346,
                -7.402959982846357
              ],
              [
                108.83299539882647,
                -7.402689570678691
              ],
              [
                108.8332443449703,
                -7.40309693709564
              ],
              [
                108.8335805839177,
                -7.403355582439789
              ],
              [
                108.83420133274365,
                -7.403743550456007
              ],
              [
                108.83409895229482,
                -7.404896677615401
              ],
              [
                108.83443411355337,
                -7.405243693452053
              ],
              [
                108.83609914295621,
                -7.405172565982491
              ],
              [
                108.83685783596572,
                -7.406620979909706
              ],
              [
                108.83754755688344,
                -7.406896868276793
              ],
              [
                108.83768550106699,
                -7.405379482257802
              ],
              [
                108.83759928595232,
                -7.404206956697682
              ],
              [
                108.83823727780117,
                -7.403517235779951
              ],
              [
                108.83878905453534,
                -7.404137984605899
              ],
              [
                108.8391339149942,
                -7.405862286900212
              ],
              [
                108.84073751612796,
                -7.405620884579015
              ],
              [
                108.84066854403619,
                -7.406620979909714
              ],
              [
                108.84154793820623,
                -7.407724533378072
              ],
              [
                108.84265149167459,
                -7.407448645010971
              ],
              [
                108.84389298932649,
                -7.407379672919197
              ],
              [
                108.84446200908367,
                -7.407793505469844
              ],
              [
                108.84382401723472,
                -7.40882808684642
              ],
              [
                108.8423756033075,
                -7.409793696131232
              ],
              [
                108.8406513010132,
                -7.408966031029972
              ],
              [
                108.83899597081066,
                -7.409172947305282
              ],
              [
                108.83851316616825,
                -7.410552389140727
              ],
              [
                108.83630605923153,
                -7.410207528681875
              ],
              [
                108.83430586857014,
                -7.408966031029969
              ],
              [
                108.83278848255115,
                -7.408345282204019
              ],
              [
                108.83271951045937,
                -7.408966031029961
              ],
              [
                108.8316849290828,
                -7.409035003121744
              ],
              [
                108.82959852330676,
                -7.408414254295793
              ],
              [
                108.82954679423784,
                -7.409310891488834
              ],
              [
                108.8314952558305,
                -7.410000612406558
              ],
              [
                108.83271951045937,
                -7.410966221691374
              ],
              [
                108.83458175693723,
                -7.411449026333771
              ],
              [
                108.83538384489032,
                -7.411557349278683
              ],
              [
                108.8358922266809,
                -7.411449026333773
              ],
              [
                108.83747858479167,
                -7.412138747251497
              ],
              [
                108.83809933361762,
                -7.413242300719852
              ],
              [
                108.83899597081066,
                -7.414414826279984
              ],
              [
                108.84084097426565,
                -7.415552865794237
              ],
              [
                108.84228938819287,
                -7.415001089060042
              ],
              [
                108.84504827186376,
                -7.415656323931879
              ],
              [
                108.8462207974239,
                -7.416932307629683
              ],
              [
                108.84418612071661,
                -7.41655296112492
              ],
              [
                108.84325499747769,
                -7.416725391354355
              ],
              [
                108.84228938819287,
                -7.416242586711958
              ],
              [
                108.84118583472451,
                -7.416656419262591
              ],
              [
                108.84032368357735,
                -7.416070156482522
              ],
              [
                108.83894424174191,
                -7.416380530895496
              ],
              [
                108.83928910220078,
                -7.417484084363852
              ],
              [
                108.83887526965015,
                -7.418587637832211
              ],
              [
                108.83866835337483,
                -7.417311654134427
              ],
              [
                108.83804760454888,
                -7.416621933216703
              ],
              [
                108.83872008244357,
                -7.415656323931887
              ],
              [
                108.83734064060812,
                -7.415242491381258
              ],
              [
                108.83609914295621,
                -7.414759686738845
              ],
              [
                108.83451278484546,
                -7.415173519289473
              ],
              [
                108.83334025928532,
                -7.415656323931893
              ],
              [
                108.83154698489925,
                -7.415518379748347
              ],
              [
                108.82989165469671,
                -7.416001184390749
              ],
              [
                108.82851221286127,
                -7.41600118439074
              ],
              [
                108.82713277102582,
                -7.415449407656563
              ],
              [
                108.82520155245619,
                -7.415104547197709
              ],
              [
                108.82339103504725,
                -7.415035575105938
              ],
              [
                108.82239093971656,
                -7.414414826279994
              ],
              [
                108.82239093971656,
                -7.413069870490427
              ],
              [
                108.82370140946023,
                -7.412483607710353
              ],
              [
                108.82411524201086,
                -7.41155248447144
              ],
              [
                108.82518430943333,
                -7.410690333324285
              ],
              [
                108.8270120698653,
                -7.410690333324279
              ],
              [
                108.82787422101245,
                -7.409966126360676
              ],
              [
                108.82782249194354,
                -7.40882808684642
              ],
              [
                108.8281673524024,
                -7.407310700827441
              ],
              [
                108.82759052692631,
                -7.406745164594093
              ],
              [
                108.82677538117682,
                -7.407406966093694
              ],
              [
                108.82649370148809,
                -7.407338720739639
              ],
              [
                108.82450213233817,
                -7.40674383644811
              ],
              [
                108.82351928003041,
                -7.406019629484491
              ],
              [
                108.8222519178441,
                -7.405269557986468
              ],
              [
                108.82018275509093,
                -7.404622944626112
              ],
              [
                108.81793254059683,
                -7.403045208026821
              ],
              [
                108.81676863654818,
                -7.401933033046981
              ],
              [
                108.81674277201375,
                -7.401234690617786
              ],
              [
                108.8166393138761,
                -7.400277702844449
              ],
              [
                108.81619961679105,
                -7.400122515637968
              ],
              [
                108.81588924237808,
                -7.400432890050944
              ],
              [
                108.8155788679651,
                -7.401467471427529
              ],
              [
                108.81519089994889,
                -7.402062355719063
              ],
              [
                108.81446669298528,
                -7.402139949322306
              ],
              [
                108.81392353776256,
                -7.401700252237258
              ],
              [
                108.81384594415933,
                -7.400898451670396
              ],
              [
                108.81309587266131,
                -7.400510483654177
              ],
              [
                108.81200956221589,
                -7.400148380172384
              ],
              [
                108.8109749808393,
                -7.39957936041525
              ],
              [
                108.80975934772182,
                -7.39947590227761
              ],
              [
                108.80929378610236,
                -7.399139663330216
              ],
              [
                108.8086730372764,
                -7.398932747054898
              ],
              [
                108.80800055938163,
                -7.39939830867436
              ],
              [
                108.80789710124397,
                -7.401001909808066
              ],
              [
                108.80851785006992,
                -7.401933033046982
              ],
              [
                108.80838852739784,
                -7.40255378187293
              ],
              [
                108.80750913322775,
                -7.40296761442357
              ],
              [
                108.80694011347063,
                -7.402605510941765
              ],
              [
                108.80683665533297,
                -7.401648523168436
              ],
              [
                108.80709530067712,
                -7.400122515637968
              ],
              [
                108.80737981055567,
                -7.398208540091293
              ],
              [
                108.80727635241801,
                -7.397355010455602
              ],
              [
                108.8067170318612,
                -7.396275166143859
              ],
              [
                108.8062342272188,
                -7.395585445226131
              ],
              [
                108.80651011558588,
                -7.394895724308407
              ],
              [
                108.8067170318612,
                -7.394343947574233
              ],
              [
                108.80630319931056,
                -7.393654226656503
              ],
              [
                108.80582039466816,
                -7.393033477830563
              ],
              [
                108.80519964584221,
                -7.393033477830556
              ],
              [
                108.80475132724571,
                -7.391791980178651
              ]
            ]
          ]
        ]
      }
    },
    {
      "type": "Feature",
      "properties": {
        "id": null,
        "Lokasi": "Sungai Cikawung",
        "Tanggal": "27 Jan 2024",
        "Waktu": null,
        "TMA max": "502.5",
        "Luas (ha)": 208,
        "PDA": "PDA Pitulasi"
      },
      "geometry": {
        "type": "MultiPolygon",
        "coordinates": [
          [
            [
              [
                108.76228176173697,
                -7.344546097314607
              ],
              [
                108.76248867801228,
                -7.343028711295609
              ],
              [
                108.76324737102178,
                -7.341580297368392
              ],
              [
                108.76483372913255,
                -7.340338799716491
              ],
              [
                108.7654544779585,
                -7.3388214136975
              ],
              [
                108.76552345005027,
                -7.336821223036093
              ],
              [
                108.76573036632558,
                -7.334958976558242
              ],
              [
                108.76586831050912,
                -7.333027757988617
              ],
              [
                108.76614419887622,
                -7.33054476268481
              ],
              [
                108.76669597561039,
                -7.329303265032907
              ],
              [
                108.7664200872433,
                -7.327372046463281
              ],
              [
                108.7654544779585,
                -7.326820269729115
              ],
              [
                108.76490270122432,
                -7.327578962738598
              ],
              [
                108.76386811984773,
                -7.326820269729113
              ],
              [
                108.76352325938886,
                -7.324682134884167
              ],
              [
                108.76331634311354,
                -7.323440637232272
              ],
              [
                108.76373017566418,
                -7.322406055855683
              ],
              [
                108.76586831050912,
                -7.322612972130991
              ],
              [
                108.76704083606926,
                -7.320543809377832
              ],
              [
                108.76842027790471,
                -7.320198948918966
              ],
              [
                108.76814438953762,
                -7.321440446570861
              ],
              [
                108.76731564674752,
                -7.323016027792312
              ],
              [
                108.76710980816104,
                -7.323578581415808
              ],
              [
                108.76766158489521,
                -7.324613162792389
              ],
              [
                108.76876513836356,
                -7.324268302333537
              ],
              [
                108.76952383137306,
                -7.322819888406305
              ],
              [
                108.77021355229078,
                -7.323923441874674
              ],
              [
                108.77035149647433,
                -7.325647744168978
              ],
              [
                108.77055841274965,
                -7.3270961580962
              ],
              [
                108.77214477086041,
                -7.326820269729116
              ],
              [
                108.77255860341104,
                -7.325233911618348
              ],
              [
                108.7739380452465,
                -7.324268302333537
              ],
              [
                108.774696738256,
                -7.325854660444298
              ],
              [
                108.774696738256,
                -7.327578962738606
              ],
              [
                108.77324832432878,
                -7.328613544115187
              ],
              [
                108.77200682667687,
                -7.330889623143687
              ],
              [
                108.77179991040155,
                -7.332338037070908
              ],
              [
                108.77324832432878,
                -7.331924204520265
              ],
              [
                108.77448982198068,
                -7.331855232428485
              ],
              [
                108.77524851499017,
                -7.332200092887358
              ],
              [
                108.77711076146802,
                -7.331855232428482
              ],
              [
                108.77662795682562,
                -7.333372618447489
              ],
              [
                108.77545543126548,
                -7.333786450998116
              ],
              [
                108.77373112897118,
                -7.33378645099812
              ],
              [
                108.77193785458509,
                -7.334062339365205
              ],
              [
                108.77000663601547,
                -7.334062339365213
              ],
              [
                108.76842027790471,
                -7.333855423089894
              ],
              [
                108.76766158489521,
                -7.335372809108876
              ],
              [
                108.7664200872433,
                -7.336752250944332
              ],
              [
                108.76641900955448,
                -7.337051848467973
              ],
              [
                108.76635003746271,
                -7.337879513569235
              ],
              [
                108.76648905933509,
                -7.338200664871553
              ],
              [
                108.76738569652812,
                -7.338200664871556
              ],
              [
                108.7686961662718,
                -7.33723505558674
              ],
              [
                108.7706963569332,
                -7.335993557934825
              ],
              [
                108.77255860341104,
                -7.335579725384204
              ],
              [
                108.77414496152181,
                -7.335855613751287
              ],
              [
                108.7744208498889,
                -7.337097111403186
              ],
              [
                108.774696738256,
                -7.337855804412682
              ],
              [
                108.77655898473384,
                -7.338131692779777
              ],
              [
                108.77807637075284,
                -7.338752441605734
              ],
              [
                108.77766253820221,
                -7.339649078798775
              ],
              [
                108.77649001264207,
                -7.340200855532954
              ],
              [
                108.774696738256,
                -7.34047674390003
              ],
              [
                108.77290346386991,
                -7.3405457159918
              ],
              [
                108.77269654759459,
                -7.340545715991809
              ],
              [
                108.77145504994269,
                -7.340062911349404
              ],
              [
                108.77062738484142,
                -7.34040777180826
              ],
              [
                108.77076532902497,
                -7.341580297368399
              ],
              [
                108.77269654759459,
                -7.342201046194338
              ],
              [
                108.77366215687941,
                -7.342890767112073
              ],
              [
                108.77262757550282,
                -7.343580488029786
              ],
              [
                108.7711791615756,
                -7.343718432213338
              ],
              [
                108.76959280346483,
                -7.344339181039282
              ],
              [
                108.76862719418003,
                -7.34420123685574
              ],
              [
                108.76738569652812,
                -7.345097874048788
              ],
              [
                108.76671214094456,
                -7.345285391923286
              ],
              [
                108.76622933630216,
                -7.345699224473921
              ],
              [
                108.76579933841735,
                -7.345304790324097
              ],
              [
                108.76579933841735,
                -7.344201236855744
              ],
              [
                108.76462681285723,
                -7.343994320580427
              ],
              [
                108.76228176173697,
                -7.344546097314607
              ]
            ]
          ]
        ]
      }
    },
    {
      "type": "Feature",
      "properties": {
        "id": null,
        "Lokasi": "Sungai Cikawung",
        "Tanggal": "16 Des 2024",
        "Waktu": null,
        "TMA max": "502.5",
        "Luas (ha)": 1998,
        "PDA": "PDA Pitulasi"
      },
      "geometry": {
        "type": "MultiPolygon",
        "coordinates": [
          [
            [
              [
                108.79587117043,
                -7.36534118298395
              ],
              [
                108.79545733787938,
                -7.364168657423824
              ],
              [
                108.79628500298065,
                -7.362444355129506
              ],
              [
                108.79807827736673,
                -7.361547717936477
              ],
              [
                108.79835416573381,
                -7.360168276101027
              ],
              [
                108.79821622155026,
                -7.359064722632676
              ],
              [
                108.79725061226544,
                -7.356788643604185
              ],
              [
                108.79718164017368,
                -7.354650508759245
              ],
              [
                108.79807827736671,
                -7.351132932078852
              ],
              [
                108.7996646354775,
                -7.351132932078847
              ],
              [
                108.80145790986356,
                -7.351822652996569
              ],
              [
                108.80249141355144,
                -7.35298440166737
              ],
              [
                108.80228557496484,
                -7.354029759933284
              ],
              [
                108.80356048097391,
                -7.355846743475931
              ],
              [
                108.80493992280935,
                -7.356639922531312
              ],
              [
                108.80631936464479,
                -7.355846743475921
              ],
              [
                108.80690670511359,
                -7.353409011107335
              ],
              [
                108.80683773302182,
                -7.352236485547202
              ],
              [
                108.80545829118637,
                -7.351063959987083
              ],
              [
                108.80394090516738,
                -7.35058115534467
              ],
              [
                108.80194071450599,
                -7.349201713509224
              ],
              [
                108.80111304940472,
                -7.347684327490236
              ],
              [
                108.80159585404712,
                -7.346235913563007
              ],
              [
                108.80269940751546,
                -7.346235913563021
              ],
              [
                108.80180277032242,
                -7.345270304278208
              ],
              [
                108.8011130494047,
                -7.343477029892123
              ],
              [
                108.80104407731292,
                -7.341200950863639
              ],
              [
                108.80207865868951,
                -7.339614592752865
              ],
              [
                108.80332015634141,
                -7.338097206733879
              ],
              [
                108.80332015634141,
                -7.336648792806657
              ],
              [
                108.80318221215786,
                -7.334648602145261
              ],
              [
                108.80463062608514,
                -7.332971718164057
              ],
              [
                108.8051996458424,
                -7.332320794047965
              ],
              [
                108.8060100679206,
                -7.331928515275993
              ],
              [
                108.80614801210407,
                -7.33092410918956
              ],
              [
                108.80515546059607,
                -7.330288272718553
              ],
              [
                108.80435366002922,
                -7.329564065754928
              ],
              [
                108.80440538909805,
                -7.328658807050421
              ],
              [
                108.8048634068949,
                -7.327764325235239
              ],
              [
                108.8041047138854,
                -7.326815958973384
              ],
              [
                108.80429438713777,
                -7.324970955518461
              ],
              [
                108.80551864176672,
                -7.323625999728899
              ],
              [
                108.8060790400123,
                -7.322164653534462
              ],
              [
                108.80688084057924,
                -7.321315434654529
              ],
              [
                108.80815574658817,
                -7.321546060086404
              ],
              [
                108.80846612100113,
                -7.32203748624029
              ],
              [
                108.80986280585952,
                -7.322347860653271
              ],
              [
                108.81057946900047,
                -7.32393637414187
              ],
              [
                108.81180372362941,
                -7.324233816287647
              ],
              [
                108.81290727709776,
                -7.326096062765495
              ],
              [
                108.81273376917954,
                -7.327417309398518
              ],
              [
                108.8131734662646,
                -7.328322568103033
              ],
              [
                108.81418218310677,
                -7.327934600086822
              ],
              [
                108.81545924449334,
                -7.32871700225284
              ],
              [
                108.81622548132552,
                -7.329822711099078
              ],
              [
                108.81842504443956,
                -7.330303360363599
              ],
              [
                108.8188388769902,
                -7.331337941740189
              ],
              [
                108.81739046306298,
                -7.332096634749688
              ],
              [
                108.81621793750284,
                -7.332648411483868
              ],
              [
                108.81642485377816,
                -7.333820937043986
              ],
              [
                108.81863196071488,
                -7.334234769594619
              ],
              [
                108.82118392811046,
                -7.334855518420571
              ],
              [
                108.82352897923072,
                -7.334993462604118
              ],
              [
                108.82532225361679,
                -7.335407295154752
              ],
              [
                108.82663272336048,
                -7.3367867369902
              ],
              [
                108.82608094662629,
                -7.337890290458567
              ],
              [
                108.82442561642375,
                -7.338993843926922
              ],
              [
                108.82387383968957,
                -7.340235341578811
              ],
              [
                108.8255291698921,
                -7.340718146221234
              ],
              [
                108.82690861172756,
                -7.339407676477554
              ],
              [
                108.82801216519591,
                -7.338786927651592
              ],
              [
                108.83042618840794,
                -7.338235150917422
              ],
              [
                108.83235740697758,
                -7.338373095100967
              ],
              [
                108.83421965345542,
                -7.339959453211725
              ],
              [
                108.83511629064847,
                -7.341959643873122
              ],
              [
                108.83359890462947,
                -7.342235532240216
              ],
              [
                108.83201254651871,
                -7.341407867138951
              ],
              [
                108.83132282560099,
                -7.341890671781364
              ],
              [
                108.83173665815163,
                -7.343339085708573
              ],
              [
                108.8335299325377,
                -7.34382189035098
              ],
              [
                108.8342886255472,
                -7.344235722901624
              ],
              [
                108.83442656973074,
                -7.34568413682884
              ],
              [
                108.8340127371801,
                -7.347201522847832
              ],
              [
                108.8340127371801,
                -7.349063769325688
              ],
              [
                108.83449554182252,
                -7.350581155344664
              ],
              [
                108.83615087202504,
                -7.352029569271894
              ],
              [
                108.83766825804405,
                -7.352512373914298
              ],
              [
                108.83870283942062,
                -7.3520295692719
              ],
              [
                108.83953050452189,
                -7.352788262281378
              ],
              [
                108.84097891844911,
                -7.354857425034563
              ],
              [
                108.84187555564215,
                -7.356788643604191
              ],
              [
                108.84173761145861,
                -7.358237057531401
              ],
              [
                108.8426892107874,
                -7.358739260574636
              ],
              [
                108.84337893170512,
                -7.358325428024004
              ],
              [
                108.84320326840894,
                -7.35684037267303
              ],
              [
                108.84416887769375,
                -7.356495512214166
              ],
              [
                108.84594490905671,
                -7.356650699420633
              ],
              [
                108.84710342466083,
                -7.357239117578585
              ],
              [
                108.8474482851197,
                -7.359049634987612
              ],
              [
                108.84684477931668,
                -7.360049730318303
              ],
              [
                108.8456032816648,
                -7.359635897767665
              ],
              [
                108.84376366665451,
                -7.360008778138817
              ],
              [
                108.84369469456274,
                -7.360732985102423
              ],
              [
                108.84596538514657,
                -7.361067068671945
              ],
              [
                108.84624127351368,
                -7.362049920979698
              ],
              [
                108.8482209880852,
                -7.361547717936477
              ],
              [
                108.84891070900294,
                -7.361547717936469
              ],
              [
                108.84965215898966,
                -7.363047860932531
              ],
              [
                108.8504970671137,
                -7.363134076047238
              ],
              [
                108.85042809502193,
                -7.364168657423834
              ],
              [
                108.84960042992066,
                -7.364858378341547
              ],
              [
                108.84937627062256,
                -7.365254967869248
              ],
              [
                108.8492728124849,
                -7.366048146924631
              ],
              [
                108.84973837410419,
                -7.36603090390167
              ],
              [
                108.85037959902002,
                -7.365188151155335
              ],
              [
                108.85208665829138,
                -7.364739832558817
              ],
              [
                108.85267292107144,
                -7.364722589535874
              ],
              [
                108.85332815594329,
                -7.365205394178276
              ],
              [
                108.85319021175974,
                -7.365964087187769
              ],
              [
                108.85250049084202,
                -7.366550349967843
              ],
              [
                108.85210066824757,
                -7.367634505035394
              ],
              [
                108.85107363069349,
                -7.367899616513134
              ],
              [
                108.85001426247129,
                -7.368031094563072
              ],
              [
                108.85055634000518,
                -7.368779010683227
              ],
              [
                108.85139370430673,
                -7.368651843389025
              ],
              [
                108.85198751090947,
                -7.368020317673728
              ],
              [
                108.85274620391895,
                -7.367934102559023
              ],
              [
                108.85303933530899,
                -7.368744524637346
              ],
              [
                108.85224615625361,
                -7.369451488578014
              ],
              [
                108.85297036321722,
                -7.370606771115191
              ],
              [
                108.85525614144598,
                -7.368927731756115
              ],
              [
                108.8570526488989,
                -7.368981616202792
              ],
              [
                108.8586562500326,
                -7.369421313287833
              ],
              [
                108.8600787994254,
                -7.36934371968458
              ],
              [
                108.86036007623714,
                -7.367686234104218
              ],
              [
                108.86085473545785,
                -7.367481473206742
              ],
              [
                108.8618375877656,
                -7.367675457214853
              ],
              [
                108.8619464343479,
                -7.367203429461809
              ],
              [
                108.86341532436491,
                -7.366731401708718
              ],
              [
                108.86380868082576,
                -7.367341373645352
              ],
              [
                108.86341532436491,
                -7.368179815635934
              ],
              [
                108.86477429011056,
                -7.368927731756117
              ],
              [
                108.86477429011056,
                -7.370169229408025
              ],
              [
                108.86353171476975,
                -7.370339504259548
              ],
              [
                108.86252299792758,
                -7.36995153624333
              ],
              [
                108.86164360375749,
                -7.370365368793966
              ],
              [
                108.86081593865622,
                -7.37000326531216
              ],
              [
                108.85944511833225,
                -7.370391233328376
              ],
              [
                108.85771219452647,
                -7.370339504259556
              ],
              [
                108.85684249955675,
                -7.371065866601064
              ],
              [
                108.85485955191838,
                -7.371445213105814
              ],
              [
                108.85481536667214,
                -7.372710419914243
              ],
              [
                108.85582516120319,
                -7.372514280528288
              ],
              [
                108.85696320071743,
                -7.371583157289355
              ],
              [
                108.85807429800838,
                -7.371658595514718
              ],
              [
                108.8572735751304,
                -7.372962599124813
              ],
              [
                108.85865301696586,
                -7.373652320042534
              ],
              [
                108.85910133556237,
                -7.372652224711824
              ],
              [
                108.8597382497224,
                -7.372555232707763
              ],
              [
                108.8600400026239,
                -7.373969160589092
              ],
              [
                108.85976411425682,
                -7.37509857859187
              ],
              [
                108.85944511833236,
                -7.375917622181655
              ],
              [
                108.85934273788358,
                -7.375928399071014
              ],
              [
                108.85743630615949,
                -7.374236427444715
              ],
              [
                108.85527230678014,
                -7.375262387309823
              ],
              [
                108.85592754165198,
                -7.375727948929278
              ],
              [
                108.8571000672121,
                -7.376227996594629
              ],
              [
                108.85666899163853,
                -7.376762530305875
              ],
              [
                108.85923820205704,
                -7.378435103531342
              ],
              [
                108.86197984270501,
                -7.378073000049542
              ],
              [
                108.86163498224614,
                -7.376693558214093
              ],
              [
                108.86180741247559,
                -7.375590004745746
              ],
              [
                108.86242816130154,
                -7.375521032653966
              ],
              [
                108.86270404966862,
                -7.377038418672959
              ],
              [
                108.863497228724,
                -7.376797016351762
              ],
              [
                108.86418694964172,
                -7.37731430704004
              ],
              [
                108.86322134035692,
                -7.378486832600177
              ],
              [
                108.86435937987116,
                -7.379590386068532
              ],
              [
                108.86304998781625,
                -7.379894294347921
              ],
              [
                108.86015315996183,
                -7.380101210623239
              ],
              [
                108.85948068206713,
                -7.379963266439691
              ],
              [
                108.85679077048799,
                -7.379273545521972
              ],
              [
                108.855549272836,
                -7.377786334793131
              ],
              [
                108.85344562403695,
                -7.378251896412596
              ],
              [
                108.85434226123013,
                -7.379635649003776
              ],
              [
                108.85520441237715,
                -7.380959051014661
              ],
              [
                108.8562217507308,
                -7.38058401526564
              ],
              [
                108.85863577394282,
                -7.38044607108209
              ],
              [
                108.86242923899029,
                -7.381756540825771
              ],
              [
                108.86401559710104,
                -7.381687568733997
              ],
              [
                108.86546401102827,
                -7.383204954752995
              ],
              [
                108.86698139704725,
                -7.38251523383527
              ],
              [
                108.86753317378144,
                -7.3849292570473
              ],
              [
                108.8666365365884,
                -7.387067391892243
              ],
              [
                108.86629167612953,
                -7.388998610461861
              ],
              [
                108.8651191505694,
                -7.38727430816756
              ],
              [
                108.86408456919284,
                -7.38755019653465
              ],
              [
                108.86461802521515,
                -7.38612980251966
              ],
              [
                108.86441110893983,
                -7.384552065920371
              ],
              [
                108.8627051273574,
                -7.384308508221342
              ],
              [
                108.86104871946591,
                -7.384422743248299
              ],
              [
                108.86037624157113,
                -7.38395718162883
              ],
              [
                108.85985895088284,
                -7.382560496770443
              ],
              [
                108.85877264043744,
                -7.381991477013331
              ],
              [
                108.85778978812968,
                -7.382715683976936
              ],
              [
                108.85804843347383,
                -7.384112368835329
              ],
              [
                108.86011759622698,
                -7.385974615313181
              ],
              [
                108.86138495841332,
                -7.387397164705972
              ],
              [
                108.86270404966848,
                -7.389569785596806
              ],
              [
                108.85996240902053,
                -7.387448893774812
              ],
              [
                108.86056699251246,
                -7.389136554645404
              ],
              [
                108.8614636297055,
                -7.39230927086694
              ],
              [
                108.86291204363272,
                -7.394378433620114
              ],
              [
                108.86201540643967,
                -7.394792266170747
              ],
              [
                108.86008418787004,
                -7.393964601069474
              ],
              [
                108.85787708093333,
                -7.392240298775169
              ],
              [
                108.85663558328143,
                -7.390929829031498
              ],
              [
                108.85635969491435,
                -7.389274498828954
              ],
              [
                108.85691147164852,
                -7.389274498828946
              ],
              [
                108.85786738173294,
                -7.389311140252649
              ],
              [
                108.85872091136862,
                -7.38799204899752
              ],
              [
                108.85828121428358,
                -7.387138519361837
              ],
              [
                108.85750527825114,
                -7.387009196689752
              ],
              [
                108.85613445792717,
                -7.387681674584538
              ],
              [
                108.85639310327132,
                -7.386491906001465
              ],
              [
                108.85732422651023,
                -7.385715969969025
              ],
              [
                108.85551370910122,
                -7.385095221143083
              ],
              [
                108.8547895021376,
                -7.385638376365783
              ],
              [
                108.85470436471181,
                -7.386584587249843
              ],
              [
                108.85353183915167,
                -7.387895056993512
              ],
              [
                108.85318697869282,
                -7.385481033781481
              ],
              [
                108.85396183703631,
                -7.383026058389906
              ],
              [
                108.85458258586226,
                -7.382870871183429
              ],
              [
                108.85463431493109,
                -7.382146664219812
              ],
              [
                108.85349627541684,
                -7.382146664219815
              ],
              [
                108.85313524962412,
                -7.381428923389872
              ],
              [
                108.85180753685738,
                -7.380170182715001
              ],
              [
                108.85127300314626,
                -7.379497704820247
              ],
              [
                108.84994529037952,
                -7.37775615950297
              ],
              [
                108.84704846252508,
                -7.376790550218167
              ],
              [
                108.84546210441432,
                -7.375893913025112
              ],
              [
                108.84408266257887,
                -7.376238773483981
              ],
              [
                108.84187555564216,
                -7.375135220015633
              ],
              [
                108.83980639288899,
                -7.375066247923852
              ],
              [
                108.83863386732885,
                -7.373410917721317
              ],
              [
                108.8370475092181,
                -7.374790359556757
              ],
              [
                108.83635778830038,
                -7.37327297353777
              ],
              [
                108.83449554182252,
                -7.372790168895366
              ],
              [
                108.83290918371175,
                -7.371479699151699
              ],
              [
                108.83146076978453,
                -7.372790168895368
              ],
              [
                108.829805439582,
                -7.372652224711826
              ],
              [
                108.82973646749022,
                -7.371686615427003
              ],
              [
                108.82959852330669,
                -7.369272592214981
              ],
              [
                108.83056413259149,
                -7.367479317828888
              ],
              [
                108.83042618840794,
                -7.366375764360537
              ],
              [
                108.8285639419301,
                -7.364858378341539
              ],
              [
                108.82649477917693,
                -7.363272020230785
              ],
              [
                108.82366692341425,
                -7.3627202434966
              ],
              [
                108.82221850948704,
                -7.363754824873191
              ],
              [
                108.82221850948704,
                -7.364996322525097
              ],
              [
                108.82511533734147,
                -7.36547912716749
              ],
              [
                108.8273224442782,
                -7.366858569002949
              ],
              [
                108.82773627682883,
                -7.36823801083839
              ],
              [
                108.82608094662629,
                -7.369203620123198
              ],
              [
                108.82408075596489,
                -7.370307173591558
              ],
              [
                108.82201159321173,
                -7.370238201499785
              ],
              [
                108.82090803974336,
                -7.37127278287637
              ],
              [
                108.81897682117373,
                -7.370514089866885
              ],
              [
                108.81794223979715,
                -7.368720815480802
              ],
              [
                108.81849401653133,
                -7.367272401553582
              ],
              [
                108.81863196071488,
                -7.365203238800407
              ],
              [
                108.81773532352183,
                -7.364099685332058
              ],
              [
                108.8160799933193,
                -7.363065103955464
              ],
              [
                108.81387288638258,
                -7.36361688068965
              ],
              [
                108.81138989107878,
                -7.363065103955467
              ],
              [
                108.80897586786675,
                -7.361685662120022
              ],
              [
                108.80697567720534,
                -7.361133885385841
              ],
              [
                108.80594109582877,
                -7.361892578395329
              ],
              [
                108.80697567720534,
                -7.364168657423818
              ],
              [
                108.8060790400123,
                -7.364651462066234
              ],
              [
                108.80407884935092,
                -7.362513327221293
              ],
              [
                108.80249249124014,
                -7.362099494670655
              ],
              [
                108.80283735169901,
                -7.364237629515592
              ],
              [
                108.80152688195534,
                -7.366582680635855
              ],
              [
                108.79856108200913,
                -7.36644473645231
              ],
              [
                108.79587117043,
                -7.36534118298395
              ]
            ]
          ]
        ]
      }
    },
    {
      "type": "Feature",
      "properties": {
        "id": null,
        "Lokasi": "Sungai Cikawung",
        "Tanggal": "16 Des 2024",
        "Waktu": null,
        "TMA max": "502.5",
        "Luas (ha)": 1411,
        "PDA": "PDA Pitulasi"
      },
      "geometry": {
        "type": "MultiPolygon",
        "coordinates": [
          [
            [
              [
                108.73938194957978,
                -7.348604673839827
              ],
              [
                108.74079587746111,
                -7.347570092463257
              ],
              [
                108.74189943092946,
                -7.347983925013883
              ],
              [
                108.74252017975542,
                -7.348880562206923
              ],
              [
                108.74362373322377,
                -7.348777104069259
              ],
              [
                108.74448588437093,
                -7.348052897105649
              ],
              [
                108.74565840993105,
                -7.347259718050267
              ],
              [
                108.74696887967472,
                -7.347604578509129
              ],
              [
                108.74858972383137,
                -7.346845885499644
              ],
              [
                108.74969327729973,
                -7.345500929710076
              ],
              [
                108.7510037470434,
                -7.344121487874635
              ],
              [
                108.75179692609879,
                -7.344500834379382
              ],
              [
                108.75265907724594,
                -7.345190555297107
              ],
              [
                108.75307290979657,
                -7.346328594811349
              ],
              [
                108.75239181039035,
                -7.346888993056996
              ],
              [
                108.75259872666567,
                -7.347958060479466
              ],
              [
                108.75377125222579,
                -7.34778563025002
              ],
              [
                108.7557714428872,
                -7.346682076781678
              ],
              [
                108.75766817541093,
                -7.345268148900345
              ],
              [
                108.7602201428065,
                -7.343233472193054
              ],
              [
                108.76208238928436,
                -7.341543655944629
              ],
              [
                108.76411706599163,
                -7.339991783879763
              ],
              [
                108.76501370318468,
                -7.337957107172478
              ],
              [
                108.76534994213203,
                -7.336534557779676
              ],
              [
                108.7654189142238,
                -7.334292964797088
              ],
              [
                108.76526372701738,
                -7.332948009007518
              ],
              [
                108.76578101770568,
                -7.332120343906249
              ],
              [
                108.76567755956802,
                -7.331154734621446
              ],
              [
                108.76491886655852,
                -7.330671929979035
              ],
              [
                108.76467746423732,
                -7.328913141638841
              ],
              [
                108.764470547962,
                -7.327947532354034
              ],
              [
                108.76322905031007,
                -7.326481875403863
              ],
              [
                108.76193582358934,
                -7.325809397509087
              ],
              [
                108.76160820615343,
                -7.325119676591372
              ],
              [
                108.76184960847462,
                -7.324395469627754
              ],
              [
                108.76250484334648,
                -7.324455820208053
              ],
              [
                108.76322905031009,
                -7.324352362070391
              ],
              [
                108.76322905031009,
                -7.323490210923245
              ],
              [
                108.76326353635598,
                -7.322317685363113
              ],
              [
                108.76409120145725,
                -7.321593478399516
              ],
              [
                108.76531545608613,
                -7.322257334782825
              ],
              [
                108.76590171886619,
                -7.321015837130928
              ],
              [
                108.76659143978391,
                -7.31970536738725
              ],
              [
                108.76790190952758,
                -7.319636395295483
              ],
              [
                108.76842027790471,
                -7.320198948918966
              ],
              [
                108.76814438953762,
                -7.321440446570861
              ],
              [
                108.76731564674752,
                -7.323016027792312
              ],
              [
                108.76803985371113,
                -7.323705748710037
              ],
              [
                108.76910892113361,
                -7.322326306874602
              ],
              [
                108.76962621182189,
                -7.321291725498006
              ],
              [
                108.77052284901494,
                -7.320808920855604
              ],
              [
                108.77097116761145,
                -7.321567613865108
              ],
              [
                108.77062630715267,
                -7.322774625471101
              ],
              [
                108.77021247460203,
                -7.323153971975858
              ],
              [
                108.77031593273969,
                -7.323705748710033
              ],
              [
                108.77083322342799,
                -7.324119581260665
              ],
              [
                108.77172986062101,
                -7.323860935916516
              ],
              [
                108.77238509549278,
                -7.322843597562898
              ],
              [
                108.77317827454816,
                -7.323084999884088
              ],
              [
                108.77338519082348,
                -7.323636776618271
              ],
              [
                108.77466117452127,
                -7.324223039398328
              ],
              [
                108.77486809079659,
                -7.3250507044996
              ],
              [
                108.77493706288836,
                -7.326085285876192
              ],
              [
                108.7751094931178,
                -7.326912950977447
              ],
              [
                108.77590267217317,
                -7.327430241665746
              ],
              [
                108.77641996286147,
                -7.328154448629355
              ],
              [
                108.77566126985197,
                -7.329154543960051
              ],
              [
                108.77452323033772,
                -7.329499404418904
              ],
              [
                108.7743163140624,
                -7.330085667198972
              ],
              [
                108.77521295125545,
                -7.3307753881167
              ],
              [
                108.77593715821905,
                -7.329982209061308
              ],
              [
                108.77673033727444,
                -7.329326974189474
              ],
              [
                108.77728211400861,
                -7.329395946281254
              ],
              [
                108.77697173959564,
                -7.330223611382519
              ],
              [
                108.77583370008139,
                -7.330878846254357
              ],
              [
                108.77555781171431,
                -7.331568567172082
              ],
              [
                108.77621304658615,
                -7.331809969493278
              ],
              [
                108.77697173959564,
                -7.331534081126194
              ],
              [
                108.77762697446755,
                -7.331154734621438
              ],
              [
                108.77781664771993,
                -7.330499499749611
              ],
              [
                108.77831669538527,
                -7.33025809742839
              ],
              [
                108.77895468723416,
                -7.330309826497224
              ],
              [
                108.77945473489952,
                -7.329999452084258
              ],
              [
                108.77988581047309,
                -7.329378703258305
              ],
              [
                108.77959267908307,
                -7.328844169547059
              ],
              [
                108.7798513244272,
                -7.328206177698177
              ],
              [
                108.78016169884017,
                -7.327206082367466
              ],
              [
                108.78053242383349,
                -7.326042178318811
              ],
              [
                108.78122214475121,
                -7.325145541125774
              ],
              [
                108.78187737962304,
                -7.324800680666917
              ],
              [
                108.78242915635722,
                -7.325317971355214
              ],
              [
                108.78332579355026,
                -7.325490401584637
              ],
              [
                108.7842224307433,
                -7.325317971355214
              ],
              [
                108.7844638330645,
                -7.326283580640018
              ],
              [
                108.78308439122905,
                -7.32662844109888
              ],
              [
                108.78236018426546,
                -7.32697330155775
              ],
              [
                108.7819204871804,
                -7.328154448629342
              ],
              [
                108.78198945927217,
                -7.329258002097701
              ],
              [
                108.78212740345572,
                -7.330465013703709
              ],
              [
                108.78360168191733,
                -7.331870320073574
              ],
              [
                108.78463626329392,
                -7.331973778211235
              ],
              [
                108.78529149816575,
                -7.331111627064087
              ],
              [
                108.7854294423493,
                -7.330008073595726
              ],
              [
                108.78622262140468,
                -7.328559659668506
              ],
              [
                108.78663645395531,
                -7.330628822421668
              ],
              [
                108.78629159349644,
                -7.33224966657833
              ],
              [
                108.78577430280816,
                -7.332697985174841
              ],
              [
                108.7849466377069,
                -7.333180789817243
              ],
              [
                108.7839465423762,
                -7.333042845633706
              ],
              [
                108.78242053484576,
                -7.33234450320451
              ],
              [
                108.7815411406756,
                -7.33287903691574
              ],
              [
                108.78055828836784,
                -7.332930765984583
              ],
              [
                108.77885122909649,
                -7.332447961342166
              ],
              [
                108.77721314191685,
                -7.333016981099298
              ],
              [
                108.77617856054026,
                -7.333913618292343
              ],
              [
                108.77476463265893,
                -7.334051562475887
              ],
              [
                108.77097116761145,
                -7.334223992705318
              ],
              [
                108.76928135136303,
                -7.334223992705318
              ],
              [
                108.7678674234817,
                -7.335499976403105
              ],
              [
                108.76641900955448,
                -7.337051848467973
              ],
              [
                108.76635003746271,
                -7.337879513569235
              ],
              [
                108.76735013279341,
                -7.338155401936322
              ],
              [
                108.76828125603234,
                -7.337293250789169
              ],
              [
                108.7698676141431,
                -7.335879322907839
              ],
              [
                108.77093668156557,
                -7.335293060127781
              ],
              [
                108.77310930245639,
                -7.335155115944239
              ],
              [
                108.77555781171431,
                -7.335465490357207
              ],
              [
                108.77745454423804,
                -7.335362032219553
              ],
              [
                108.77886847211937,
                -7.335982781045503
              ],
              [
                108.78031688604659,
                -7.33494819966892
              ],
              [
                108.78083417673488,
                -7.334879227577154
              ],
              [
                108.78124800928552,
                -7.335948294999618
              ],
              [
                108.78086866278078,
                -7.336638015917338
              ],
              [
                108.77986856745008,
                -7.337189792651521
              ],
              [
                108.77862706979818,
                -7.337258764743285
              ],
              [
                108.7777994046969,
                -7.337879513569241
              ],
              [
                108.77821323724754,
                -7.338776150762277
              ],
              [
                108.77990305349596,
                -7.338983067037598
              ],
              [
                108.78086866278078,
                -7.338120915890438
              ],
              [
                108.78173081392792,
                -7.337224278697403
              ],
              [
                108.78266193716685,
                -7.336465585687906
              ],
              [
                108.78393792086464,
                -7.33667250196322
              ],
              [
                108.78448969759881,
                -7.336500071733804
              ],
              [
                108.7837654906352,
                -7.33553446244898
              ],
              [
                108.78435175341528,
                -7.335086143852457
              ],
              [
                108.7852828766542,
                -7.335603434540753
              ],
              [
                108.78624848593901,
                -7.335465490357207
              ],
              [
                108.78680026267318,
                -7.334499881072394
              ],
              [
                108.7870071789485,
                -7.333741188062906
              ],
              [
                108.78766241382034,
                -7.333465299695814
              ],
              [
                108.78866250915104,
                -7.334086048521767
              ],
              [
                108.78831764869219,
                -7.335431004311321
              ],
              [
                108.78759344172857,
                -7.33705184846797
              ],
              [
                108.78697269290262,
                -7.338224374028112
              ],
              [
                108.78614502780135,
                -7.338810636808167
              ],
              [
                108.78517941851653,
                -7.33908652517526
              ],
              [
                108.78493801619534,
                -7.340259050735384
              ],
              [
                108.78524839060832,
                -7.341155687928416
              ],
              [
                108.78462764178236,
                -7.341638492570824
              ],
              [
                108.78373100458933,
                -7.341362604203736
              ],
              [
                108.78362754645167,
                -7.339914190276522
              ],
              [
                108.78348960226812,
                -7.338776150762273
              ],
              [
                108.78200670229502,
                -7.339465871680011
              ],
              [
                108.78131698137729,
                -7.339914190276522
              ],
              [
                108.77935127676179,
                -7.339707274001212
              ],
              [
                108.77766253820221,
                -7.339649078798775
              ],
              [
                108.77617856054026,
                -7.34039699491893
              ],
              [
                108.77504052102601,
                -7.340983257698995
              ],
              [
                108.77462668847538,
                -7.342224755350889
              ],
              [
                108.77410939778709,
                -7.343466253002794
              ],
              [
                108.77317827454817,
                -7.344500834379386
              ],
              [
                108.7723506094469,
                -7.344949152975896
              ],
              [
                108.77090219551968,
                -7.344466348333485
              ],
              [
                108.77041939087728,
                -7.344293918104067
              ],
              [
                108.76928135136303,
                -7.344397376241718
              ],
              [
                108.76890200485829,
                -7.345190555297096
              ],
              [
                108.76878130369774,
                -7.34545782215272
              ],
              [
                108.7678846665047,
                -7.345492308198597
              ],
              [
                108.76738569652812,
                -7.345097874048788
              ],
              [
                108.76671214094456,
                -7.345285391923286
              ],
              [
                108.76622933630216,
                -7.345699224473921
              ],
              [
                108.76593620491208,
                -7.345949248306596
              ],
              [
                108.76628106537095,
                -7.346776913407866
              ],
              [
                108.76783293743581,
                -7.346466538994892
              ],
              [
                108.76845368626176,
                -7.346466538994886
              ],
              [
                108.7688675188124,
                -7.347087287820835
              ],
              [
                108.7696262118219,
                -7.347259718050269
              ],
              [
                108.7701435025102,
                -7.348156355243304
              ],
              [
                108.77007453041841,
                -7.348880562206925
              ],
              [
                108.77097116761145,
                -7.349087478482232
              ],
              [
                108.77207472107982,
                -7.348915048252811
              ],
              [
                108.77321276059405,
                -7.348949534298697
              ],
              [
                108.77348864896115,
                -7.349570283124636
              ],
              [
                108.77348864896115,
                -7.350604864501223
              ],
              [
                108.77383350942,
                -7.351260099373054
              ],
              [
                108.77441977220006,
                -7.350915238914197
              ],
              [
                108.77548883962254,
                -7.350191031950586
              ],
              [
                108.78200670229502,
                -7.346535511086658
              ],
              [
                108.78335165808458,
                -7.347156259912612
              ],
              [
                108.78328268599283,
                -7.348397757564515
              ],
              [
                108.78279988135043,
                -7.348846076161022
              ],
              [
                108.78324819994695,
                -7.349328880803431
              ],
              [
                108.78317922785517,
                -7.350260004042364
              ],
              [
                108.78348960226815,
                -7.350915238914205
              ],
              [
                108.78321371390105,
                -7.351467015648383
              ],
              [
                108.78193773020327,
                -7.351294585418948
              ],
              [
                108.7815928697444,
                -7.352156736566111
              ],
              [
                108.7821101604327,
                -7.352880943529717
              ],
              [
                108.7828688534422,
                -7.353122345850911
              ],
              [
                108.78352408831402,
                -7.353398234217995
              ],
              [
                108.78345511622226,
                -7.354156927227505
              ],
              [
                108.78273090925865,
                -7.354950106282876
              ],
              [
                108.7828343673963,
                -7.356191603934778
              ],
              [
                108.78311025576339,
                -7.356846838806614
              ],
              [
                108.78355857435992,
                -7.357398615540787
              ],
              [
                108.78352408831402,
                -7.358605627146808
              ],
              [
                108.78252399298333,
                -7.358916001559791
              ],
              [
                108.78017894186307,
                -7.358847029468016
              ],
              [
                108.77904090234885,
                -7.358950487605675
              ],
              [
                108.77831669538521,
                -7.359226375972763
              ],
              [
                108.77935127676183,
                -7.359640208523394
              ],
              [
                108.77973062326657,
                -7.36019198525756
              ],
              [
                108.78093763487257,
                -7.360743761991754
              ],
              [
                108.78173081392795,
                -7.361019650358837
              ],
              [
                108.78204118834093,
                -7.360398901532893
              ],
              [
                108.78224810461624,
                -7.359709180615163
              ],
              [
                108.78397240691055,
                -7.360088527119918
              ],
              [
                108.78638643012258,
                -7.361226566634153
              ],
              [
                108.78673129058146,
                -7.362157689873085
              ],
              [
                108.78693820685677,
                -7.363088813112006
              ],
              [
                108.78821419055456,
                -7.364330310763913
              ],
              [
                108.78904185565582,
                -7.365847696782895
              ],
              [
                108.78876596728874,
                -7.366537417700617
              ],
              [
                108.78766241382039,
                -7.36626152933353
              ],
              [
                108.78635194407671,
                -7.365468350278144
              ],
              [
                108.78431726736943,
                -7.364571713085107
              ],
              [
                108.78286885344221,
                -7.36319227124966
              ],
              [
                108.78159286974443,
                -7.362054231735427
              ],
              [
                108.77924781862417,
                -7.360536845716421
              ],
              [
                108.77810977910993,
                -7.360364415487
              ],
              [
                108.77786837678872,
                -7.3611231084965
              ],
              [
                108.78086866278082,
                -7.363192271249666
              ],
              [
                108.78266193716689,
                -7.36467517122276
              ],
              [
                108.7829033394881,
                -7.365020031681627
              ],
              [
                108.78179978601975,
                -7.365537322369911
              ],
              [
                108.77821323724758,
                -7.363399187524986
              ],
              [
                108.77779940469695,
                -7.364157880534471
              ],
              [
                108.77897193025707,
                -7.365295920048712
              ],
              [
                108.77948922094536,
                -7.366054613058218
              ],
              [
                108.77914436048651,
                -7.367089194434806
              ],
              [
                108.77879950002765,
                -7.368227233949032
              ],
              [
                108.77931679071594,
                -7.36953770369271
              ],
              [
                108.77907538839473,
                -7.370537799023416
              ],
              [
                108.77742005819219,
                -7.370537799023406
              ],
              [
                108.7763854768156,
                -7.368847982774977
              ],
              [
                108.77604061635675,
                -7.368434150224356
              ],
              [
                108.77569575589789,
                -7.369537703692717
              ],
              [
                108.77514397916372,
                -7.369917050197468
              ],
              [
                108.77455771638364,
                -7.368882468820875
              ],
              [
                108.77393696755769,
                -7.368847982774998
              ],
              [
                108.77345416291529,
                -7.369296301371516
              ],
              [
                108.7744197722001,
                -7.370779201344616
              ],
              [
                108.77559229776023,
                -7.371193033895241
              ],
              [
                108.77731660005453,
                -7.372503503638911
              ],
              [
                108.77845463956878,
                -7.373882945474366
              ],
              [
                108.77917884653239,
                -7.375503789631017
              ],
              [
                108.77855809770644,
                -7.375986594273425
              ],
              [
                108.77659239309092,
                -7.374572666392082
              ],
              [
                108.77521295125548,
                -7.373400140831956
              ],
              [
                108.7741783698789,
                -7.37236555945538
              ],
              [
                108.77300584431877,
                -7.372296587363607
              ],
              [
                108.77221266526338,
                -7.373710515244936
              ],
              [
                108.7709366815656,
                -7.374572666392085
              ],
              [
                108.77021247460199,
                -7.37364154315316
              ],
              [
                108.7699710722808,
                -7.372503503638921
              ],
              [
                108.77007453041844,
                -7.37108957575759
              ],
              [
                108.76966069786782,
                -7.36991705019746
              ],
              [
                108.76897097695009,
                -7.369365273463275
              ],
              [
                108.76838471417003,
                -7.369744619968027
              ],
              [
                108.76752256302288,
                -7.36908938509619
              ],
              [
                108.76652246769217,
                -7.368330692086694
              ],
              [
                108.76510853981084,
                -7.368054803719615
              ],
              [
                108.76393601425072,
                -7.36739956884777
              ],
              [
                108.76241862823174,
                -7.365399378186375
              ],
              [
                108.76148750499281,
                -7.365261434002836
              ],
              [
                108.76079778407508,
                -7.366882278159482
              ],
              [
                108.76031497943266,
                -7.36698573629713
              ],
              [
                108.75914245387253,
                -7.365985640966445
              ],
              [
                108.75828030272538,
                -7.365882182828789
              ],
              [
                108.75779749808298,
                -7.366571903746506
              ],
              [
                108.7562456260181,
                -7.365468350278144
              ],
              [
                108.75565936323804,
                -7.364261338672131
              ],
              [
                108.75514207254975,
                -7.363813020075603
              ],
              [
                108.75424543535671,
                -7.364295824718025
              ],
              [
                108.7534867423472,
                -7.363744047983844
              ],
              [
                108.75317636793424,
                -7.363330215433214
              ],
              [
                108.75186589819056,
                -7.363295729387328
              ],
              [
                108.75159000982347,
                -7.361847315460108
              ],
              [
                108.75117617727284,
                -7.361502455001244
              ],
              [
                108.75090028890575,
                -7.362226661964855
              ],
              [
                108.75000365171272,
                -7.36201974568954
              ],
              [
                108.74893458429024,
                -7.361950773597768
              ],
              [
                108.74803794709723,
                -7.361295538725924
              ],
              [
                108.74717579595007,
                -7.361709371276558
              ],
              [
                108.74655504712412,
                -7.361571427093006
              ],
              [
                108.74631364480292,
                -7.360709275945864
              ],
              [
                108.74527906342634,
                -7.361674885230674
              ],
              [
                108.74472728669215,
                -7.361123108496494
              ],
              [
                108.745382521564,
                -7.36022647130345
              ],
              [
                108.74614121457348,
                -7.359191889926871
              ],
              [
                108.74500317505924,
                -7.359191889926863
              ],
              [
                108.7443824262333,
                -7.361054136404715
              ],
              [
                108.74379616345323,
                -7.360881706175287
              ],
              [
                108.74369270531555,
                -7.360433387578775
              ],
              [
                108.74310644253549,
                -7.359605722477499
              ],
              [
                108.74269260998486,
                -7.359122917835093
              ],
              [
                108.74217531929656,
                -7.359157403880979
              ],
              [
                108.74141662628706,
                -7.359674694569271
              ],
              [
                108.73951989376333,
                -7.359122917835107
              ],
              [
                108.738105965882,
                -7.358191794596181
              ],
              [
                108.73793353565257,
                -7.357605531816113
              ],
              [
                108.73800250774434,
                -7.356950296944282
              ],
              [
                108.73731278682662,
                -7.356501978347756
              ],
              [
                108.73717484264307,
                -7.355881229521799
              ],
              [
                108.73779559146902,
                -7.355225994649961
              ],
              [
                108.73855428447854,
                -7.355122536512308
              ],
              [
                108.73900260307506,
                -7.354467301640468
              ],
              [
                108.73948540771747,
                -7.353777580722743
              ],
              [
                108.73972681003865,
                -7.353674122585092
              ],
              [
                108.74069241932345,
                -7.353708608630969
              ],
              [
                108.74138214024117,
                -7.353398234217995
              ],
              [
                108.74165802860827,
                -7.35298440166737
              ],
              [
                108.74255466580131,
                -7.352880943529712
              ],
              [
                108.74314092858137,
                -7.352191222611991
              ],
              [
                108.74324438671903,
                -7.351742904015468
              ],
              [
                108.74272709603073,
                -7.351363557510721
              ],
              [
                108.7417959727918,
                -7.3513980435566
              ],
              [
                108.74096830769054,
                -7.3514325296025
              ],
              [
                108.74038204491048,
                -7.350570378455337
              ],
              [
                108.7395888658551,
                -7.349363366849327
              ],
              [
                108.73938194957978,
                -7.348604673839827
              ]
            ]
          ]
        ]
      }
    },
    {
      "type": "Feature",
      "properties": {
        "id": null,
        "Lokasi": "Sungai Cikawung",
        "Tanggal": "16 Des 2024",
        "Waktu": null,
        "TMA max": "502.5",
        "Luas (ha)": 1276,
        "PDA": "PDA Pitulasi"
      },
      "geometry": {
        "type": "MultiPolygon",
        "coordinates": [
          [
            [
              [
                108.77908400990614,
                -7.372938889968223
              ],
              [
                108.78019618488595,
                -7.371826714988392
              ],
              [
                108.78053242383335,
                -7.371490476041004
              ],
              [
                108.78117903719371,
                -7.371516340575415
              ],
              [
                108.781696327882,
                -7.371981902194885
              ],
              [
                108.78187737962291,
                -7.372447463814343
              ],
              [
                108.78226534763913,
                -7.372654380089663
              ],
              [
                108.78283436739625,
                -7.371930173126056
              ],
              [
                108.78348098075661,
                -7.37190430859164
              ],
              [
                108.78441210399554,
                -7.37193017312605
              ],
              [
                108.78521390456238,
                -7.372292276607862
              ],
              [
                108.78531736270004,
                -7.372861296364975
              ],
              [
                108.78604156966365,
                -7.373740690535072
              ],
              [
                108.78686923476492,
                -7.374076929482453
              ],
              [
                108.78697269290258,
                -7.374852865514905
              ],
              [
                108.78692096383375,
                -7.375240833531113
              ],
              [
                108.78640367314546,
                -7.375551207944102
              ],
              [
                108.78658472488635,
                -7.376042634097977
              ],
              [
                108.78769689986619,
                -7.376016769563554
              ],
              [
                108.78847283589862,
                -7.375421885272025
              ],
              [
                108.7891453137934,
                -7.374827000980483
              ],
              [
                108.78968846901611,
                -7.374852865514897
              ],
              [
                108.79033508237647,
                -7.375732259684995
              ],
              [
                108.79095583120242,
                -7.375965040494725
              ],
              [
                108.79134379921864,
                -7.376508195717443
              ],
              [
                108.79147312189072,
                -7.377413454421957
              ],
              [
                108.79108515387449,
                -7.377956609644646
              ],
              [
                108.79105928934008,
                -7.378396306729702
              ],
              [
                108.79131793468423,
                -7.37966366891601
              ],
              [
                108.79175763176927,
                -7.380232688673131
              ],
              [
                108.79222319338874,
                -7.380413740414048
              ],
              [
                108.79279221314586,
                -7.380465469482863
              ],
              [
                108.79294740035235,
                -7.380077501466646
              ],
              [
                108.79307672302443,
                -7.379146378227731
              ],
              [
                108.79307672302443,
                -7.378396306729702
              ],
              [
                108.79372333638479,
                -7.377827286972573
              ],
              [
                108.79475791776137,
                -7.378163525919965
              ],
              [
                108.79581836367237,
                -7.378163525919965
              ],
              [
                108.7971115903931,
                -7.377749693369328
              ],
              [
                108.79703399678984,
                -7.377128944543381
              ],
              [
                108.79734437120281,
                -7.376508195717428
              ],
              [
                108.79812030723525,
                -7.376353008510952
              ],
              [
                108.79910315954301,
                -7.376068498632392
              ],
              [
                108.7999825537131,
                -7.375654666081751
              ],
              [
                108.8006808961423,
                -7.376016769563556
              ],
              [
                108.80039638626373,
                -7.376559924786268
              ],
              [
                108.80049984440139,
                -7.377542777094022
              ],
              [
                108.8006808961423,
                -7.378551493936183
              ],
              [
                108.80057743800464,
                -7.379663668916018
              ],
              [
                108.80000841824751,
                -7.380310282276375
              ],
              [
                108.80018946998841,
                -7.381706967134763
              ],
              [
                108.80073262521113,
                -7.382405309563968
              ],
              [
                108.80127578043383,
                -7.382741548511357
              ],
              [
                108.80194825832861,
                -7.38248290316721
              ],
              [
                108.80254314262014,
                -7.382301851426312
              ],
              [
                108.80290524610194,
                -7.381655238065932
              ],
              [
                108.80308629784285,
                -7.380491334017286
              ],
              [
                108.80308629784285,
                -7.379534346243935
              ],
              [
                108.80344840132466,
                -7.378706681142667
              ],
              [
                108.80414674375385,
                -7.377697964300503
              ],
              [
                108.8047674925798,
                -7.377077215474553
              ],
              [
                108.8056210222155,
                -7.376922028268074
              ],
              [
                108.80655214545443,
                -7.376766841061587
              ],
              [
                108.80675906172975,
                -7.376456466648602
              ],
              [
                108.80673319719533,
                -7.375887446891484
              ],
              [
                108.80681079079858,
                -7.375111510859056
              ],
              [
                108.8070435716083,
                -7.374413168429847
              ],
              [
                108.80763845589983,
                -7.373818284138312
              ],
              [
                108.80805228845047,
                -7.373637232397417
              ],
              [
                108.8084402564667,
                -7.373688961466246
              ],
              [
                108.80877649541408,
                -7.373559638794176
              ],
              [
                108.80900927622382,
                -7.373223399846783
              ],
              [
                108.80911273436148,
                -7.372835431830557
              ],
              [
                108.80924205703354,
                -7.372085360332539
              ],
              [
                108.80957829598094,
                -7.371464611506591
              ],
              [
                108.81066460642634,
                -7.371050778955952
              ],
              [
                108.81177678140618,
                -7.370585217336489
              ],
              [
                108.81330278893664,
                -7.370430030130001
              ],
              [
                108.81374248602168,
                -7.370792133611802
              ],
              [
                108.81418218310674,
                -7.371335288834518
              ],
              [
                108.81438909938205,
                -7.37213708940137
              ],
              [
                108.81425977670997,
                -7.372731973692899
              ],
              [
                108.81389767322817,
                -7.373016483571468
              ],
              [
                108.81382007962493,
                -7.373275128915601
              ],
              [
                108.81425977670997,
                -7.373533774259757
              ],
              [
                108.81438909938205,
                -7.374051064948048
              ],
              [
                108.81415631857232,
                -7.374439032964262
              ],
              [
                108.81361316334961,
                -7.374335574826608
              ],
              [
                108.81304414359249,
                -7.374025200413632
              ],
              [
                108.81260444650745,
                -7.3737924196039
              ],
              [
                108.81211302035356,
                -7.373766555069484
              ],
              [
                108.81193196861267,
                -7.373947606810389
              ],
              [
                108.8119836976815,
                -7.374413168429851
              ],
              [
                108.81239753023213,
                -7.374801136446064
              ],
              [
                108.81312173719574,
                -7.374697678308418
              ],
              [
                108.8135872988152,
                -7.374542491101924
              ],
              [
                108.81392353776259,
                -7.37493045911815
              ],
              [
                108.8142856412444,
                -7.374956323652561
              ],
              [
                108.81488052553593,
                -7.374697678308415
              ],
              [
                108.81537195168981,
                -7.374568355636343
              ],
              [
                108.8158892423781,
                -7.374904594583725
              ],
              [
                108.81622548132549,
                -7.375473614340842
              ],
              [
                108.81627721039432,
                -7.376689247458332
              ],
              [
                108.81635480399757,
                -7.377620370697255
              ],
              [
                108.81563059703396,
                -7.377697964300499
              ],
              [
                108.81511330634567,
                -7.378370442195279
              ],
              [
                108.81529435808656,
                -7.378810139280339
              ],
              [
                108.81581164877485,
                -7.378810139280342
              ],
              [
                108.81648412666964,
                -7.379094649158894
              ],
              [
                108.81625134585991,
                -7.379379159037462
              ],
              [
                108.8160444295846,
                -7.379870585191326
              ],
              [
                108.81648412666964,
                -7.38018095960431
              ],
              [
                108.81707901096118,
                -7.379896449725742
              ],
              [
                108.81738938537416,
                -7.37927570089979
              ],
              [
                108.81790667606244,
                -7.379146378227723
              ],
              [
                108.81894125743902,
                -7.379586075312777
              ],
              [
                108.81932922545525,
                -7.38038787587962
              ],
              [
                108.81976892254029,
                -7.380905166567921
              ],
              [
                108.8208552329857,
                -7.381422457256208
              ],
              [
                108.82192537809702,
                -7.38254971988116
              ],
              [
                108.82222605330968,
                -7.383414026406137
              ],
              [
                108.8215535754149,
                -7.383646807215871
              ],
              [
                108.82075177484803,
                -7.38325883919964
              ],
              [
                108.81966546440263,
                -7.382612225839281
              ],
              [
                108.81886366383577,
                -7.382689819442528
              ],
              [
                108.81842396675073,
                -7.383284703734059
              ],
              [
                108.819511354885,
                -7.384342994267234
              ],
              [
                108.8199758388156,
                -7.384681388592455
              ],
              [
                108.82041553590065,
                -7.385509053693721
              ],
              [
                108.82093282658894,
                -7.385845292641111
              ],
              [
                108.82225191784408,
                -7.386259125191736
              ],
              [
                108.82275304319829,
                -7.385998324469786
              ],
              [
                108.82336409282391,
                -7.38581942810669
              ],
              [
                108.82378762457488,
                -7.386343184928636
              ],
              [
                108.82354514456482,
                -7.386931603086516
              ],
              [
                108.82282201529006,
                -7.387446738397006
              ],
              [
                108.8230019893421,
                -7.387992048997525
              ],
              [
                108.82287266667004,
                -7.388612797823467
              ],
              [
                108.82178635622462,
                -7.38915595304617
              ],
              [
                108.82147598181164,
                -7.388716255961133
              ],
              [
                108.82108801379543,
                -7.38832828794491
              ],
              [
                108.8204769641698,
                -7.388826180232443
              ],
              [
                108.82018275509091,
                -7.389104223977338
              ],
              [
                108.81987238067795,
                -7.389543921062392
              ],
              [
                108.81863088302605,
                -7.389621514665644
              ],
              [
                108.81806294095777,
                -7.389515901150158
              ],
              [
                108.81595929215871,
                -7.388722722094784
              ],
              [
                108.81420050381853,
                -7.388343375590035
              ],
              [
                108.81213888488797,
                -7.388224829807246
              ],
              [
                108.8112853552523,
                -7.388638662357881
              ],
              [
                108.81063874189194,
                -7.38931114025267
              ],
              [
                108.81071741318402,
                -7.390067677884341
              ],
              [
                108.81213134106535,
                -7.390895342985608
              ],
              [
                108.813752185222,
                -7.391378147628017
              ],
              [
                108.81516611310333,
                -7.39130917553624
              ],
              [
                108.81702835958119,
                -7.391136745306809
              ],
              [
                108.81826877954424,
                -7.390681960576635
              ],
              [
                108.81940681905849,
                -7.390345721629251
              ],
              [
                108.81997583881561,
                -7.3900870762851
              ],
              [
                108.82106322694987,
                -7.389584873241943
              ],
              [
                108.82157943994932,
                -7.389518056527975
              ],
              [
                108.82253642772265,
                -7.389337004787078
              ],
              [
                108.82362273816807,
                -7.389880160009782
              ],
              [
                108.82370033177132,
                -7.390552637904564
              ],
              [
                108.82359687363366,
                -7.391561354746726
              ],
              [
                108.82318304108303,
                -7.392182103572682
              ],
              [
                108.82362273816807,
                -7.392156239038273
              ],
              [
                108.82419175792519,
                -7.391768271022056
              ],
              [
                108.82481250675114,
                -7.391716541953229
              ],
              [
                108.82540739104267,
                -7.392104509969443
              ],
              [
                108.82610573347188,
                -7.392414884382408
              ],
              [
                108.82690753403872,
                -7.392647665192146
              ],
              [
                108.8275800119335,
                -7.392052780900607
              ],
              [
                108.82830421889712,
                -7.392001051831784
              ],
              [
                108.82858872877567,
                -7.392673529726554
              ],
              [
                108.82843354156918,
                -7.393190820414852
              ],
              [
                108.82768347007116,
                -7.393630517499902
              ],
              [
                108.82641610788485,
                -7.39386329830964
              ],
              [
                108.82608264180216,
                -7.39416656444541
              ],
              [
                108.82770933460557,
                -7.394690963410905
              ],
              [
                108.82817489622504,
                -7.395492763977748
              ],
              [
                108.82876978051658,
                -7.395984190131635
              ],
              [
                108.82920947760162,
                -7.39590659652839
              ],
              [
                108.82910601946396,
                -7.395389305840085
              ],
              [
                108.82905429039513,
                -7.394639234342062
              ],
              [
                108.82941639387694,
                -7.394665098876491
              ],
              [
                108.83021819444379,
                -7.394665098876477
              ],
              [
                108.83133036942363,
                -7.394509911669994
              ],
              [
                108.83148555663011,
                -7.395156525030361
              ],
              [
                108.83114931768272,
                -7.395570357580993
              ],
              [
                108.83109758861389,
                -7.396087648269281
              ],
              [
                108.8316407438366,
                -7.39637215814785
              ],
              [
                108.83197698278398,
                -7.396035919200458
              ],
              [
                108.83192525371516,
                -7.39525998316802
              ],
              [
                108.83231322173137,
                -7.394354724463502
              ],
              [
                108.83283051241966,
                -7.394354724463509
              ],
              [
                108.83316675136706,
                -7.394949608755048
              ],
              [
                108.8330632932294,
                -7.395880731993965
              ],
              [
                108.8330632932294,
                -7.396837719767317
              ],
              [
                108.83397825113427,
                -7.397171803336896
              ],
              [
                108.8344858426222,
                -7.397329145921178
              ],
              [
                108.83588252748059,
                -7.397613655799746
              ],
              [
                108.83699470246042,
                -7.39792403021272
              ],
              [
                108.83815860650907,
                -7.398648237176331
              ],
              [
                108.8385465745253,
                -7.399062069726967
              ],
              [
                108.83937423962657,
                -7.399656954018512
              ],
              [
                108.8399691239181,
                -7.400200109241204
              ],
              [
                108.83981393671161,
                -7.4008984516704
              ],
              [
                108.83921905242008,
                -7.401260555152211
              ],
              [
                108.83852070999087,
                -7.400950180739239
              ],
              [
                108.83808209059472,
                -7.401586017210328
              ],
              [
                108.8374861286143,
                -7.401958897581404
              ],
              [
                108.8374861286143,
                -7.402346865597614
              ],
              [
                108.8371240251325,
                -7.402864156285919
              ],
              [
                108.83699470246042,
                -7.403071072561233
              ],
              [
                108.83655500537537,
                -7.403122801630055
              ],
              [
                108.83593425654942,
                -7.402708969079421
              ],
              [
                108.83552042399879,
                -7.402321001063211
              ],
              [
                108.83477035250077,
                -7.402579646407347
              ],
              [
                108.83461516529428,
                -7.402838291751503
              ],
              [
                108.83399441646833,
                -7.402760698148261
              ],
              [
                108.83350299031444,
                -7.402476188269701
              ],
              [
                108.83316675136706,
                -7.402062355719057
              ],
              [
                108.83319261590147,
                -7.401441606893108
              ],
              [
                108.83304712789534,
                -7.401172184659692
              ],
              [
                108.83241667986903,
                -7.401596794099594
              ],
              [
                108.8318217955775,
                -7.401596794099605
              ],
              [
                108.83133036942363,
                -7.401338148755451
              ],
              [
                108.83117518221714,
                -7.401389877824287
              ],
              [
                108.83101999501065,
                -7.401803710374925
              ],
              [
                108.83089067233857,
                -7.402036491184644
              ],
              [
                108.8307613496665,
                -7.402864156285917
              ],
              [
                108.83078721420091,
                -7.403691821387182
              ],
              [
                108.8312786403548,
                -7.404131518472232
              ],
              [
                108.83187352464633,
                -7.404079789403395
              ],
              [
                108.8321838990593,
                -7.404002195800162
              ],
              [
                108.83210630545607,
                -7.403769414990426
              ],
              [
                108.83208044092164,
                -7.403407311508619
              ],
              [
                108.83156315023335,
                -7.40289002082032
              ],
              [
                108.8316407438366,
                -7.402424459200864
              ],
              [
                108.83226149266254,
                -7.402527917338529
              ],
              [
                108.83298569962615,
                -7.402657240010599
              ],
              [
                108.83316675136706,
                -7.402683104545003
              ],
              [
                108.8332443449703,
                -7.40309693709564
              ],
              [
                108.8335805839177,
                -7.403355582439789
              ],
              [
                108.83407201007157,
                -7.403407311508623
              ],
              [
                108.83420133274365,
                -7.403743550456007
              ],
              [
                108.83414960367482,
                -7.404648809160518
              ],
              [
                108.83443411355337,
                -7.405243693452053
              ],
              [
                108.83479621703518,
                -7.405036777176747
              ],
              [
                108.8350031333105,
                -7.403898737662505
              ],
              [
                108.83546869492996,
                -7.403355582439789
              ],
              [
                108.83603771468708,
                -7.403355582439792
              ],
              [
                108.83652914084095,
                -7.403821144059253
              ],
              [
                108.83634808910006,
                -7.403924602196917
              ],
              [
                108.83629636003123,
                -7.404881589970254
              ],
              [
                108.83671019258186,
                -7.405321287055299
              ],
              [
                108.83668432804744,
                -7.405916171346835
              ],
              [
                108.83665846351303,
                -7.40664037831045
              ],
              [
                108.83709816059807,
                -7.407493907946119
              ],
              [
                108.83792582569934,
                -7.407830146893517
              ],
              [
                108.83862416812853,
                -7.407700824221445
              ],
              [
                108.83877935533502,
                -7.407131804464315
              ],
              [
                108.83815860650907,
                -7.406743836448106
              ],
              [
                108.83789996116494,
                -7.405657526002692
              ],
              [
                108.8376671803552,
                -7.404674673694932
              ],
              [
                108.83805514837141,
                -7.403614227783932
              ],
              [
                108.83826206464673,
                -7.402708969079421
              ],
              [
                108.83888281347268,
                -7.402295136528793
              ],
              [
                108.83952942683305,
                -7.40224340745997
              ],
              [
                108.83986566578044,
                -7.402683104545006
              ],
              [
                108.84043468553756,
                -7.40245032373528
              ],
              [
                108.84048641460639,
                -7.401881303978156
              ],
              [
                108.84133994424207,
                -7.401338148755442
              ],
              [
                108.84170204772387,
                -7.401777845840498
              ],
              [
                108.8429694099102,
                -7.40270896907943
              ],
              [
                108.84364188780496,
                -7.403510769646271
              ],
              [
                108.84359015873613,
                -7.404105653937815
              ],
              [
                108.84302113897903,
                -7.40433843474755
              ],
              [
                108.84237452561865,
                -7.404079789403398
              ],
              [
                108.84201242213685,
                -7.403588363249523
              ],
              [
                108.84126235063883,
                -7.403614227783935
              ],
              [
                108.84095197622585,
                -7.404105653937823
              ],
              [
                108.84056400820964,
                -7.404700538229357
              ],
              [
                108.83999498845252,
                -7.405166099848818
              ],
              [
                108.83963288497071,
                -7.405502338796203
              ],
              [
                108.83973634310837,
                -7.405735119605934
              ],
              [
                108.84007258205575,
                -7.405657526002684
              ],
              [
                108.84053814367522,
                -7.405631661468276
              ],
              [
                108.8406933308817,
                -7.405838577743585
              ],
              [
                108.8406933308817,
                -7.406459326569543
              ],
              [
                108.8406933308817,
                -7.407183533533154
              ],
              [
                108.84092611169143,
                -7.407442178877293
              ],
              [
                108.84133994424207,
                -7.407286991670816
              ],
              [
                108.84154686051738,
                -7.4071059399299
              ],
              [
                108.84190896399919,
                -7.406588649241607
              ],
              [
                108.84234866108424,
                -7.406511055638366
              ],
              [
                108.84265903549722,
                -7.406847294585766
              ],
              [
                108.84240039015307,
                -7.407157668998741
              ],
              [
                108.84237452561865,
                -7.407856011427924
              ],
              [
                108.8429952744446,
                -7.40783014689351
              ],
              [
                108.84327978432317,
                -7.407261127136405
              ],
              [
                108.84410744942443,
                -7.407080075395486
              ],
              [
                108.84446955290623,
                -7.407364585274054
              ],
              [
                108.84472819825038,
                -7.407830146893515
              ],
              [
                108.84457301104389,
                -7.408192250375324
              ],
              [
                108.84410744942443,
                -7.408528489322708
              ],
              [
                108.84413331395885,
                -7.408890592804519
              ],
              [
                108.84449541744065,
                -7.409200967217494
              ],
              [
                108.84490924999129,
                -7.408812999201272
              ],
              [
                108.84509030173218,
                -7.408347437581799
              ],
              [
                108.84560759242048,
                -7.407959469565596
              ],
              [
                108.84586623776462,
                -7.408088792237655
              ],
              [
                108.84609901857436,
                -7.408554353857131
              ],
              [
                108.84635766391851,
                -7.408916457338923
              ],
              [
                108.84609901857436,
                -7.409278560820736
              ],
              [
                108.84552999881724,
                -7.40961479976813
              ],
              [
                108.84488338545687,
                -7.410028632318761
              ],
              [
                108.843331513392,
                -7.409951038715517
              ],
              [
                108.8420900157401,
                -7.409925174181105
              ],
              [
                108.84121062157,
                -7.409485477096058
              ],
              [
                108.84030536286548,
                -7.40914923814867
              ],
              [
                108.8394518332298,
                -7.409252696286316
              ],
              [
                108.83906386521359,
                -7.409563070699305
              ],
              [
                108.83940010416097,
                -7.409873445112269
              ],
              [
                108.84009844659018,
                -7.410209684059655
              ],
              [
                108.8399691239181,
                -7.410597652075882
              ],
              [
                108.83924491695448,
                -7.410908026488856
              ],
              [
                108.83867589719736,
                -7.410804568351193
              ],
              [
                108.83823620011232,
                -7.410468329403806
              ],
              [
                108.83782236756169,
                -7.410132090456418
              ],
              [
                108.83694297339159,
                -7.410106225922005
              ],
              [
                108.83655500537537,
                -7.410183819525244
              ],
              [
                108.83663259897861,
                -7.410571787541467
              ],
              [
                108.83639981816889,
                -7.410752839282357
              ],
              [
                108.83562388213645,
                -7.410416600334988
              ],
              [
                108.83497726877607,
                -7.409899309646679
              ],
              [
                108.8343047908813,
                -7.409356154423972
              ],
              [
                108.83368404205535,
                -7.408994050942175
              ],
              [
                108.83316675136706,
                -7.408761270132439
              ],
              [
                108.8330632932294,
                -7.409097509079832
              ],
              [
                108.83355471938327,
                -7.409511341630464
              ],
              [
                108.83321848043589,
                -7.409951038715516
              ],
              [
                108.83280464788525,
                -7.409899309646677
              ],
              [
                108.83215803452488,
                -7.409382018958389
              ],
              [
                108.8316849290828,
                -7.409035003121744
              ],
              [
                108.83047683978793,
                -7.408683676529202
              ],
              [
                108.82959852330676,
                -7.408414254295793
              ],
              [
                108.82954679423784,
                -7.409310891488834
              ],
              [
                108.8314952558305,
                -7.410000612406558
              ],
              [
                108.83271951045937,
                -7.410966221691374
              ],
              [
                108.83458175693723,
                -7.411449026333771
              ],
              [
                108.83554628853321,
                -7.411373588108316
              ],
              [
                108.83629636003123,
                -7.411347723573907
              ],
              [
                108.83727921233898,
                -7.411890878796611
              ],
              [
                108.83815860650908,
                -7.412408169484896
              ],
              [
                108.83859830359413,
                -7.413054782845261
              ],
              [
                108.83880521986944,
                -7.413934177015359
              ],
              [
                108.83983980124603,
                -7.414322145031584
              ],
              [
                108.84038295646873,
                -7.414166957825089
              ],
              [
                108.84090024715702,
                -7.413442750861477
              ],
              [
                108.84118475703559,
                -7.412847866569951
              ],
              [
                108.84170204772387,
                -7.412252982278412
              ],
              [
                108.84258144189397,
                -7.412252982278416
              ],
              [
                108.84307286804786,
                -7.412796137501115
              ],
              [
                108.84302113897903,
                -7.413184105517341
              ],
              [
                108.84317632618551,
                -7.413727260740047
              ],
              [
                108.84377121047704,
                -7.414244551428336
              ],
              [
                108.84477992731921,
                -7.414244551428331
              ],
              [
                108.84503857266336,
                -7.414529061306893
              ],
              [
                108.84490924999129,
                -7.415046351995185
              ],
              [
                108.84506443719778,
                -7.415486049080242
              ],
              [
                108.84565932148931,
                -7.416029204302942
              ],
              [
                108.84612488310877,
                -7.416313714181513
              ],
              [
                108.84666803833149,
                -7.416598224060073
              ],
              [
                108.8466939028659,
                -7.417012056610694
              ],
              [
                108.84607315403994,
                -7.41737416009251
              ],
              [
                108.8452713534731,
                -7.417193108351606
              ],
              [
                108.84472819825038,
                -7.41737416009251
              ],
              [
                108.84467646918155,
                -7.418046637987281
              ],
              [
                108.84509030173218,
                -7.418615657744398
              ],
              [
                108.84477992731921,
                -7.419107083898277
              ],
              [
                108.84434023023417,
                -7.419081219363877
              ],
              [
                108.84359015873615,
                -7.418667386813234
              ],
              [
                108.84317632618551,
                -7.418253554262605
              ],
              [
                108.84284008723812,
                -7.418382876934674
              ],
              [
                108.84232279654982,
                -7.418563928675572
              ],
              [
                108.84123648610442,
                -7.41827941879701
              ],
              [
                108.84056400820964,
                -7.418279418797009
              ],
              [
                108.84002085298692,
                -7.418796709485317
              ],
              [
                108.83955529136746,
                -7.418977761226206
              ],
              [
                108.83862416812855,
                -7.418796709485306
              ],
              [
                108.8378482320961,
                -7.418408741469094
              ],
              [
                108.83740853501105,
                -7.418719115882065
              ],
              [
                108.83673605711627,
                -7.418926032157375
              ],
              [
                108.83608944375591,
                -7.418538064141158
              ],
              [
                108.83603771468708,
                -7.417529347299
              ],
              [
                108.83681365071952,
                -7.417063785679531
              ],
              [
                108.83722748327015,
                -7.416029204302942
              ],
              [
                108.8367877861851,
                -7.415408455476997
              ],
              [
                108.83593425654942,
                -7.415356726408166
              ],
              [
                108.83495140424166,
                -7.415615371752311
              ],
              [
                108.83492553970726,
                -7.416055068837355
              ],
              [
                108.83510659144815,
                -7.416675817663307
              ],
              [
                108.83474448796635,
                -7.417037921145113
              ],
              [
                108.83409787460599,
                -7.416986192076282
              ],
              [
                108.83285637695408,
                -7.416287849647089
              ],
              [
                108.8321838990593,
                -7.415899881630868
              ],
              [
                108.83133036942363,
                -7.416055068837359
              ],
              [
                108.83107172407948,
                -7.416701682197726
              ],
              [
                108.83019232990937,
                -7.416753411266546
              ],
              [
                108.82959744561784,
                -7.416365443250336
              ],
              [
                108.82895083225748,
                -7.416391307784743
              ],
              [
                108.82851113517242,
                -7.416727546732133
              ],
              [
                108.82786452181206,
                -7.416468901388
              ],
              [
                108.82708858577962,
                -7.415874017096456
              ],
              [
                108.82579535905889,
                -7.415330861873758
              ],
              [
                108.82401070618428,
                -7.415382590942577
              ],
              [
                108.82349341549599,
                -7.415667100821148
              ],
              [
                108.82269161492914,
                -7.41512394559844
              ],
              [
                108.82239093971656,
                -7.414414826279994
              ],
              [
                108.82222605330968,
                -7.414037635153021
              ],
              [
                108.82214845970643,
                -7.413261699120586
              ],
              [
                108.82253642772265,
                -7.412692679363458
              ],
              [
                108.82354514456482,
                -7.412278846812824
              ],
              [
                108.8238813835122,
                -7.411580504383636
              ],
              [
                108.82483837128555,
                -7.410933891023261
              ],
              [
                108.82535566197384,
                -7.410416600334977
              ],
              [
                108.82623505614394,
                -7.410442464869389
              ],
              [
                108.8270120698653,
                -7.410690333324279
              ],
              [
                108.82787422101245,
                -7.409966126360676
              ],
              [
                108.82782249194354,
                -7.40882808684642
              ],
              [
                108.82783865727765,
                -7.407261127136393
              ],
              [
                108.82677538117682,
                -7.407406966093694
              ],
              [
                108.82649370148809,
                -7.407338720739639
              ],
              [
                108.82561430731799,
                -7.407493907946129
              ],
              [
                108.82450213233817,
                -7.40674383644811
              ],
              [
                108.82351928003041,
                -7.406019629484491
              ],
              [
                108.8222519178441,
                -7.405269557986468
              ],
              [
                108.82018275509093,
                -7.404622944626112
              ],
              [
                108.81793254059683,
                -7.403045208026821
              ],
              [
                108.81676863654818,
                -7.401933033046981
              ],
              [
                108.81674277201375,
                -7.401234690617786
              ],
              [
                108.8166393138761,
                -7.400277702844449
              ],
              [
                108.81619961679105,
                -7.400122515637968
              ],
              [
                108.81588924237808,
                -7.400432890050944
              ],
              [
                108.8155788679651,
                -7.401467471427529
              ],
              [
                108.81519089994889,
                -7.402062355719063
              ],
              [
                108.81446669298528,
                -7.402139949322306
              ],
              [
                108.81392353776256,
                -7.401700252237258
              ],
              [
                108.81384594415933,
                -7.400898451670396
              ],
              [
                108.81309587266131,
                -7.400510483654177
              ],
              [
                108.81200956221589,
                -7.400148380172384
              ],
              [
                108.8109749808393,
                -7.39957936041525
              ],
              [
                108.80975934772182,
                -7.39947590227761
              ],
              [
                108.80929378610236,
                -7.399139663330216
              ],
              [
                108.8086730372764,
                -7.398932747054898
              ],
              [
                108.80800055938163,
                -7.39939830867436
              ],
              [
                108.80789710124397,
                -7.401001909808066
              ],
              [
                108.80851785006992,
                -7.401933033046982
              ],
              [
                108.80838852739784,
                -7.40255378187293
              ],
              [
                108.80750913322775,
                -7.40296761442357
              ],
              [
                108.80694011347063,
                -7.402605510941765
              ],
              [
                108.80683665533297,
                -7.401648523168436
              ],
              [
                108.80709530067712,
                -7.400122515637968
              ],
              [
                108.80737981055567,
                -7.398208540091293
              ],
              [
                108.80727635241801,
                -7.397355010455602
              ],
              [
                108.80675906172972,
                -7.396811855232889
              ],
              [
                108.80598312569728,
                -7.395777273856315
              ],
              [
                108.80616417743819,
                -7.394897879686217
              ],
              [
                108.80603485476611,
                -7.393733975637566
              ],
              [
                108.80518132513043,
                -7.393371872155758
              ],
              [
                108.80393982747853,
                -7.393061497742774
              ],
              [
                108.80360358853115,
                -7.392440748916822
              ],
              [
                108.80311216237726,
                -7.391250980333759
              ],
              [
                108.80295697517077,
                -7.389906024544194
              ],
              [
                108.8021034455351,
                -7.388949036770867
              ],
              [
                108.80197412286302,
                -7.389699108268889
              ],
              [
                108.8017672065877,
                -7.390293992560422
              ],
              [
                108.80101713508968,
                -7.390087076285108
              ],
              [
                108.80062916707347,
                -7.389569785596803
              ],
              [
                108.79985323104103,
                -7.38925941118384
              ],
              [
                108.79920661768065,
                -7.389130088511758
              ],
              [
                108.79933594035273,
                -7.38838001701373
              ],
              [
                108.79938766942156,
                -7.387474758309228
              ],
              [
                108.79931007581831,
                -7.38711265482742
              ],
              [
                108.79884451419885,
                -7.386776415880038
              ],
              [
                108.79809444270083,
                -7.386802280414436
              ],
              [
                108.79765474561579,
                -7.387112654827428
              ],
              [
                108.79729264213398,
                -7.387836861791025
              ],
              [
                108.79760301654696,
                -7.388767985029962
              ],
              [
                108.79773233921902,
                -7.389285275718247
              ],
              [
                108.79708572585866,
                -7.389776701872132
              ],
              [
                108.7966201642392,
                -7.390681960576635
              ],
              [
                108.79581836367234,
                -7.391173386730521
              ],
              [
                108.7951976148464,
                -7.390526773370149
              ],
              [
                108.79475791776134,
                -7.38964737920006
              ],
              [
                108.79480964683017,
                -7.388638662357881
              ],
              [
                108.79471912095975,
                -7.388160168471213
              ],
              [
                108.79453806921886,
                -7.387617013248505
              ],
              [
                108.79403371079776,
                -7.387319571102741
              ],
              [
                108.79327070703253,
                -7.38756528417967
              ],
              [
                108.79275341634424,
                -7.388017913531944
              ],
              [
                108.79165417363163,
                -7.388095507135186
              ],
              [
                108.79086530533198,
                -7.387423029240405
              ],
              [
                108.790554930919,
                -7.386310854260567
              ],
              [
                108.79047733731576,
                -7.385030559807054
              ],
              [
                108.78874441350999,
                -7.38384079122398
              ],
              [
                108.78750291585808,
                -7.383026058389914
              ],
              [
                108.78661058942077,
                -7.382767413045765
              ],
              [
                108.78591224699159,
                -7.383142448794792
              ],
              [
                108.78552427897536,
                -7.383776129887934
              ],
              [
                108.78492939468383,
                -7.384086504300919
              ],
              [
                108.78439917172832,
                -7.383763197620733
              ],
              [
                108.78402413597932,
                -7.382870871183429
              ],
              [
                108.78342925168778,
                -7.382612225839276
              ],
              [
                108.78273090925859,
                -7.38360801041425
              ],
              [
                108.78212309269985,
                -7.384332217377849
              ],
              [
                108.78130835986579,
                -7.38422875924019
              ],
              [
                108.78036430435965,
                -7.383620942681448
              ],
              [
                108.7797694200681,
                -7.383116584260367
              ],
              [
                108.77971769099929,
                -7.381965612478909
              ],
              [
                108.77944611338793,
                -7.381176744179278
              ],
              [
                108.77859258375224,
                -7.380918098835123
              ],
              [
                108.7779718349263,
                -7.379857652924126
              ],
              [
                108.77776491865099,
                -7.378719613409888
              ],
              [
                108.77819168346883,
                -7.378163525919965
              ],
              [
                108.77876070322596,
                -7.377258267215469
              ],
              [
                108.7797306232665,
                -7.377012554138523
              ],
              [
                108.78045483023011,
                -7.37641766984699
              ],
              [
                108.78071347557426,
                -7.375615869280141
              ],
              [
                108.78014445581714,
                -7.374749407377249
              ],
              [
                108.7793685197847,
                -7.374245048956156
              ],
              [
                108.7788382968292,
                -7.373637232397408
              ],
              [
                108.77908400990614,
                -7.372938889968223
              ]
            ]
          ]
        ]
      }
    },
    {
      "type": "Feature",
      "properties": {
        "id": null,
        "Lokasi": "Sungai Cikawung",
        "Tanggal": "16 Des 2024",
        "Waktu": null,
        "TMA max": "625.0",
        "Luas (ha)": 965,
        "PDA": "PDA Cukangleuleus"
      },
      "geometry": {
        "type": "MultiPolygon",
        "coordinates": [
          [
            [
              [
                108.7344935525753,
                -7.35099283251743
              ],
              [
                108.7341314490935,
                -7.350216896484984
              ],
              [
                108.73320032585458,
                -7.349337502314888
              ],
              [
                108.73325205492341,
                -7.348871940695433
              ],
              [
                108.73371761654288,
                -7.348458108144796
              ],
              [
                108.73371761654288,
                -7.34804427559417
              ],
              [
                108.73335551306107,
                -7.347630443043533
              ],
              [
                108.73247611889097,
                -7.347940817456514
              ],
              [
                108.73195882820268,
                -7.348096004662993
              ],
              [
                108.73144153751439,
                -7.347889088387668
              ],
              [
                108.73107943403258,
                -7.346802777942264
              ],
              [
                108.73097597589492,
                -7.346078570978658
              ],
              [
                108.73123462123907,
                -7.345768196565679
              ],
              [
                108.73201055727151,
                -7.345768196565679
              ],
              [
                108.7325278479598,
                -7.346337216322801
              ],
              [
                108.73320032585458,
                -7.346544132598113
              ],
              [
                108.73356242933639,
                -7.346130300047486
              ],
              [
                108.73325205492341,
                -7.345664738428023
              ],
              [
                108.73268303516629,
                -7.345250905877394
              ],
              [
                108.73195882820269,
                -7.344681886120268
              ],
              [
                108.73190709913386,
                -7.343905950087836
              ],
              [
                108.73164845378972,
                -7.342716181504762
              ],
              [
                108.73102770496378,
                -7.342871368711247
              ],
              [
                108.73092424682612,
                -7.343905950087835
              ],
              [
                108.73020003986251,
                -7.344009408225492
              ],
              [
                108.72952756196773,
                -7.343388659399539
              ],
              [
                108.72885508407295,
                -7.34230234895413
              ],
              [
                108.72869989686646,
                -7.341526412921688
              ],
              [
                108.72957929103656,
                -7.340284915269794
              ],
              [
                108.72932064569241,
                -7.339457250168519
              ],
              [
                108.7289585422106,
                -7.339353792030852
              ],
              [
                108.72849298059114,
                -7.339819353650318
              ],
              [
                108.7277170445587,
                -7.339767624581497
              ],
              [
                108.72709629573275,
                -7.339043417617883
              ],
              [
                108.7268376503886,
                -7.338112294378951
              ],
              [
                108.72673419225094,
                -7.33676733858939
              ],
              [
                108.72642381783797,
                -7.335887944419296
              ],
              [
                108.72554442366787,
                -7.335422382799845
              ],
              [
                108.72466502949779,
                -7.335112008386869
              ],
              [
                108.72394082253417,
                -7.334129156079108
              ],
              [
                108.72306142836408,
                -7.333456678184336
              ],
              [
                108.72228549233164,
                -7.33371532352847
              ],
              [
                108.72171647257451,
                -7.333767052597304
              ],
              [
                108.72109572374856,
                -7.332991116564864
              ],
              [
                108.72052670399144,
                -7.332059993325942
              ],
              [
                108.71959558075251,
                -7.331180599155847
              ],
              [
                108.7186644575136,
                -7.329783914297464
              ],
              [
                108.71737123079286,
                -7.327869938750774
              ],
              [
                108.71587108779681,
                -7.327611293406634
              ],
              [
                108.71400884131896,
                -7.327663022475451
              ],
              [
                108.71271561459824,
                -7.327404377131318
              ],
              [
                108.71121547160219,
                -7.326473253892394
              ],
              [
                108.70992224488145,
                -7.325645588791113
              ],
              [
                108.70945668326199,
                -7.325749046928774
              ],
              [
                108.70826691467892,
                -7.326628441098873
              ],
              [
                108.70728406237117,
                -7.326628441098881
              ],
              [
                108.70671504261405,
                -7.326162879479416
              ],
              [
                108.70614602285693,
                -7.324662736483369
              ],
              [
                108.70526662868683,
                -7.323576426037951
              ],
              [
                108.70505971241151,
                -7.322076283041914
              ],
              [
                108.7046976089297,
                -7.321300347009462
              ],
              [
                108.70480106706736,
                -7.320265765632887
              ],
              [
                108.70516317054917,
                -7.320162307495226
              ],
              [
                108.70630121006342,
                -7.320679598183523
              ],
              [
                108.70671504261405,
                -7.32140380514713
              ],
              [
                108.7064563972699,
                -7.322748760936692
              ],
              [
                108.7075427077153,
                -7.32378334231327
              ],
              [
                108.70868074722955,
                -7.324559278345707
              ],
              [
                108.7093014960555,
                -7.324300633001558
              ],
              [
                108.7098187867438,
                -7.323369509762627
              ],
              [
                108.70987051581263,
                -7.322076283041913
              ],
              [
                108.71023261929443,
                -7.321869366766594
              ],
              [
                108.71121547160219,
                -7.321765908628932
              ],
              [
                108.71162930415282,
                -7.32078305632117
              ],
              [
                108.7139053831813,
                -7.321869366766588
              ],
              [
                108.71364673783715,
                -7.320989972596492
              ],
              [
                108.71250869832292,
                -7.320369223770538
              ],
              [
                108.711577575084,
                -7.320265765632893
              ],
              [
                108.71049126463858,
                -7.32031749470171
              ],
              [
                108.70971532860614,
                -7.320007120288728
              ],
              [
                108.70883593443604,
                -7.319593287738098
              ],
              [
                108.70821518561009,
                -7.318972538912146
              ],
              [
                108.70842210188538,
                -7.318144873810883
              ],
              [
                108.70749097864645,
                -7.317575854053763
              ],
              [
                108.70707714609583,
                -7.316386085470693
              ],
              [
                108.70774962399061,
                -7.315610149438264
              ],
              [
                108.70899112164251,
                -7.315972252920057
              ],
              [
                108.70997397395028,
                -7.315868794782405
              ],
              [
                108.71199140763463,
                -7.315454962231764
              ],
              [
                108.71245696925409,
                -7.31374790296041
              ],
              [
                108.71312944714887,
                -7.313334070409764
              ],
              [
                108.71416402852543,
                -7.31385136109807
              ],
              [
                108.71545725524618,
                -7.313592715753923
              ],
              [
                108.71664702382925,
                -7.313851361098062
              ],
              [
                108.71819889589413,
                -7.315092858749963
              ],
              [
                108.71913001913305,
                -7.315351504094107
              ],
              [
                108.71954385168368,
                -7.314834213405814
              ],
              [
                108.72052670399144,
                -7.313385799478598
              ],
              [
                108.72047497492261,
                -7.312144301826689
              ],
              [
                108.72083707840441,
                -7.310333784417682
              ],
              [
                108.72285451208876,
                -7.310230326280026
              ],
              [
                108.7232683446394,
                -7.31121317858777
              ],
              [
                108.72456157136013,
                -7.312713321583825
              ],
              [
                108.72616517249382,
                -7.313178883203277
              ],
              [
                108.72704456666392,
                -7.312765050652645
              ],
              [
                108.7273549410769,
                -7.311575282069581
              ],
              [
                108.72688937945743,
                -7.309661306522895
              ],
              [
                108.7255961527367,
                -7.307592143769724
              ],
              [
                108.72430292601598,
                -7.305522981016553
              ],
              [
                108.72321661557054,
                -7.30448839963997
              ],
              [
                108.72285451208873,
                -7.303402089194557
              ],
              [
                108.72368217719003,
                -7.30314344385042
              ],
              [
                108.72580306901202,
                -7.304540128708802
              ],
              [
                108.72761358642104,
                -7.30557471008539
              ],
              [
                108.72926891662358,
                -7.307074853081445
              ],
              [
                108.7295275619677,
                -7.307850789113869
              ],
              [
                108.73045868520663,
                -7.309092286765774
              ],
              [
                108.73107943403258,
                -7.309092286765772
              ],
              [
                108.73175191192735,
                -7.309402661178757
              ],
              [
                108.7320105572715,
                -7.310385513486507
              ],
              [
                108.73257957702862,
                -7.310799346037133
              ],
              [
                108.73356242933637,
                -7.309609577454067
              ],
              [
                108.73340724212989,
                -7.308212892595686
              ],
              [
                108.73288995144159,
                -7.307695601907393
              ],
              [
                108.73221747354681,
                -7.307333498425578
              ],
              [
                108.73226920261564,
                -7.305574710085398
              ],
              [
                108.73278649330393,
                -7.303971108951693
              ],
              [
                108.73433836536881,
                -7.302936527575102
              ],
              [
                108.7348556560571,
                -7.30071217761545
              ],
              [
                108.73521775953891,
                -7.298436098586963
              ],
              [
                108.7366144443973,
                -7.297763620692179
              ],
              [
                108.73785594204921,
                -7.298694743931099
              ],
              [
                108.73801112925568,
                -7.30035007413364
              ],
              [
                108.73852841994398,
                -7.301643300854371
              ],
              [
                108.7399768338712,
                -7.301746758992024
              ],
              [
                108.74101141524778,
                -7.300919093890759
              ],
              [
                108.74204599662437,
                -7.298125724173993
              ],
              [
                108.74308057800096,
                -7.29729805907272
              ],
              [
                108.74349441055159,
                -7.297918807898675
              ],
              [
                108.74323576520744,
                -7.300246615995986
              ],
              [
                108.74271847451915,
                -7.301953675267353
              ],
              [
                108.7417356222114,
                -7.303815921745194
              ],
              [
                108.74064931176598,
                -7.305678168223048
              ],
              [
                108.73801112925568,
                -7.307643872838565
              ],
              [
                108.7362523409155,
                -7.309144015834609
              ],
              [
                108.73475219791945,
                -7.310799346037145
              ],
              [
                108.73278649330393,
                -7.313540986685084
              ],
              [
                108.73159672472086,
                -7.315817065713572
              ],
              [
                108.73164845378969,
                -7.3174723959161
              ],
              [
                108.73211401540915,
                -7.318041415673222
              ],
              [
                108.73356242933637,
                -7.318093144742053
              ],
              [
                108.73480392698828,
                -7.319075997049813
              ],
              [
                108.73454528164413,
                -7.319489829600447
              ],
              [
                108.73407972002467,
                -7.320265765632875
              ],
              [
                108.73459701071296,
                -7.320524410977028
              ],
              [
                108.73563159208953,
                -7.320938243527659
              ],
              [
                108.73589023743368,
                -7.321558992353618
              ],
              [
                108.7352177595389,
                -7.322438386523712
              ],
              [
                108.73392453281818,
                -7.32305913534966
              ],
              [
                108.7327347642351,
                -7.322334928386057
              ],
              [
                108.73221747354681,
                -7.322334928386041
              ],
              [
                108.73195882820266,
                -7.323679884175607
              ],
              [
                108.73247611889096,
                -7.324766194621022
              ],
              [
                108.73382107468052,
                -7.32559385972229
              ],
              [
                108.73506257233242,
                -7.327611293406626
              ],
              [
                108.7344935525753,
                -7.329473539884487
              ],
              [
                108.7336141584052,
                -7.330559850329891
              ],
              [
                108.73257957702862,
                -7.33133578636233
              ],
              [
                108.73154499565203,
                -7.330559850329891
              ],
              [
                108.73051041427546,
                -7.331490973568826
              ],
              [
                108.7307690596196,
                -7.333249761909009
              ],
              [
                108.72968274917419,
                -7.334542988629736
              ],
              [
                108.72895854221058,
                -7.336146589763445
              ],
              [
                108.72963102010536,
                -7.337232900208868
              ],
              [
                108.73071733055077,
                -7.33842266879194
              ],
              [
                108.73190709913385,
                -7.338370939723103
              ],
              [
                108.73231036532052,
                -7.337370092516403
              ],
              [
                108.73167662407728,
                -7.336208233570471
              ],
              [
                108.73123462123907,
                -7.334646446767398
              ],
              [
                108.7325216124016,
                -7.333197962665094
              ],
              [
                108.7344228361313,
                -7.331930480178617
              ],
              [
                108.73554508624947,
                -7.332603830249561
              ],
              [
                108.73712943935757,
                -7.333131947952259
              ],
              [
                108.73912308368531,
                -7.328973021043517
              ],
              [
                108.7405490014826,
                -7.325487444205701
              ],
              [
                108.74155242511773,
                -7.323322161624637
              ],
              [
                108.74192210750962,
                -7.320892820192228
              ],
              [
                108.74245022521231,
                -7.318674725840904
              ],
              [
                108.74358567827309,
                -7.316852719766593
              ],
              [
                108.74458910190822,
                -7.319493308280081
              ],
              [
                108.74527565492174,
                -7.32002142598278
              ],
              [
                108.74680719625957,
                -7.320707978996293
              ],
              [
                108.74701844334065,
                -7.321605779090872
              ],
              [
                108.74627907855687,
                -7.322186708563848
              ],
              [
                108.74559252554336,
                -7.32319013219897
              ],
              [
                108.74649032563795,
                -7.323190132198978
              ],
              [
                108.74664876094876,
                -7.323929496982754
              ],
              [
                108.74733531396225,
                -7.324668861766531
              ],
              [
                108.74807467874604,
                -7.325619473631382
              ],
              [
                108.74612064324604,
                -7.325302603009764
              ],
              [
                108.74540768434741,
                -7.325540255975972
              ],
              [
                108.74482015340317,
                -7.326299425173606
              ],
              [
                108.74411379597579,
                -7.326306026644888
              ],
              [
                108.74342724296228,
                -7.327098203198932
              ],
              [
                108.74390254889471,
                -7.327837567982713
              ],
              [
                108.74469472544877,
                -7.328312873915133
              ],
              [
                108.7448003489893,
                -7.329738791712423
              ],
              [
                108.74369130181364,
                -7.330583780036744
              ],
              [
                108.74279350171905,
                -7.331006274198902
              ],
              [
                108.74263506640824,
                -7.331956886063766
              ],
              [
                108.74421941951633,
                -7.332326568455651
              ],
              [
                108.74469472544877,
                -7.333013121469151
              ],
              [
                108.74395536066498,
                -7.334333415725903
              ],
              [
                108.74237100755688,
                -7.334122168644821
              ],
              [
                108.7416316427731,
                -7.334835127543458
              ],
              [
                108.741024307415,
                -7.334835127543457
              ],
              [
                108.74136758392176,
                -7.335389651131296
              ],
              [
                108.74289912525958,
                -7.335442462901564
              ],
              [
                108.74326880765148,
                -7.336657133617773
              ],
              [
                108.74226538401635,
                -7.337343686631269
              ],
              [
                108.74099790152987,
                -7.337502121942083
              ],
              [
                108.74015291320555,
                -7.337132439550194
              ],
              [
                108.73877980717853,
                -7.336340262996151
              ],
              [
                108.73893824248934,
                -7.337713369023169
              ],
              [
                108.73962479550285,
                -7.338267892611004
              ],
              [
                108.74036416028662,
                -7.339957869259631
              ],
              [
                108.74054585362832,
                -7.34271618150476
              ],
              [
                108.7417356222114,
                -7.345043989602064
              ],
              [
                108.74183908034905,
                -7.346440674460464
              ],
              [
                108.74018375014651,
                -7.346595861666946
              ],
              [
                108.73842496180632,
                -7.345975112840993
              ],
              [
                108.73708000601677,
                -7.344785344257929
              ],
              [
                108.73599369557135,
                -7.343233472193051
              ],
              [
                108.73470046885062,
                -7.343440388468364
              ],
              [
                108.73464873978179,
                -7.344992260533241
              ],
              [
                108.73557986302072,
                -7.346388945391629
              ],
              [
                108.73609715370901,
                -7.347630443043537
              ],
              [
                108.73614888277784,
                -7.34861329535129
              ],
              [
                108.73687308974145,
                -7.350165167416157
              ],
              [
                108.73609715370901,
                -7.350941103448607
              ],
              [
                108.7344935525753,
                -7.35099283251743
              ]
            ]
          ]
        ]
      }
    },
    {
      "type": "Feature",
      "properties": {
        "id": null,
        "Lokasi": "Sungai Cilopadang",
        "Tanggal": "16 Des 2024",
        "Waktu": null,
        "TMA max": "405.3",
        "Luas (ha)": 216,
        "PDA": "PDA Bendung Cilopadang"
      },
      "geometry": {
        "type": "MultiPolygon",
        "coordinates": [
          [
            [
              [
                108.76227206253658,
                -7.32057614004586
              ],
              [
                108.76216860439892,
                -7.318558706361524
              ],
              [
                108.76320318577551,
                -7.317162021503128
              ],
              [
                108.76465159970272,
                -7.316437814539529
              ],
              [
                108.76578963921696,
                -7.3149894006123
              ],
              [
                108.76666903338706,
                -7.31436865178636
              ],
              [
                108.76785880197014,
                -7.31405827737338
              ],
              [
                108.76837609265843,
                -7.312454676239676
              ],
              [
                108.76827263452077,
                -7.310902804174797
              ],
              [
                108.76915202869087,
                -7.308885370490458
              ],
              [
                108.77070390075573,
                -7.306971394943774
              ],
              [
                108.77173848213232,
                -7.305057419397093
              ],
              [
                108.77230750188944,
                -7.3046953159153
              ],
              [
                108.77246268909593,
                -7.306143729842518
              ],
              [
                108.77277306350891,
                -7.307385227494406
              ],
              [
                108.773652457679,
                -7.306092000773677
              ],
              [
                108.77391110302315,
                -7.305419522878905
              ],
              [
                108.77525605881272,
                -7.305367793810068
              ],
              [
                108.77520432974389,
                -7.306454104255484
              ],
              [
                108.77644582739578,
                -7.306867936806123
              ],
              [
                108.77722176342822,
                -7.306867936806114
              ],
              [
                108.77768732504768,
                -7.30733349842558
              ],
              [
                108.77804942852948,
                -7.307695601907387
              ],
              [
                108.77887709363075,
                -7.308161163526846
              ],
              [
                108.77939438431905,
                -7.307436956563242
              ],
              [
                108.77960130059436,
                -7.306402375186665
              ],
              [
                108.77918746804373,
                -7.305626439154219
              ],
              [
                108.77851499014895,
                -7.304747044984123
              ],
              [
                108.77939438431905,
                -7.303764192676373
              ],
              [
                108.7808945273151,
                -7.303195172919239
              ],
              [
                108.7823429412423,
                -7.302677882230949
              ],
              [
                108.78368789703187,
                -7.302729611299785
              ],
              [
                108.78379135516953,
                -7.303453818263397
              ],
              [
                108.78208429589817,
                -7.305781626360716
              ],
              [
                108.78094625638393,
                -7.306195458911339
              ],
              [
                108.78115317265924,
                -7.306816207737289
              ],
              [
                108.78291196099943,
                -7.306712749599627
              ],
              [
                108.78368789703187,
                -7.307643872838552
              ],
              [
                108.78394654237601,
                -7.308937099559293
              ],
              [
                108.78539495630324,
                -7.309661306522888
              ],
              [
                108.78513631095909,
                -7.311006262312452
              ],
              [
                108.78351977755821,
                -7.311497688466327
              ],
              [
                108.78233000897514,
                -7.311135584984539
              ],
              [
                108.78159286974432,
                -7.310980397778041
              ],
              [
                108.78027377848915,
                -7.310333784417679
              ],
              [
                108.77921979871172,
                -7.310812278304337
              ],
              [
                108.7788188984283,
                -7.311174381786151
              ],
              [
                108.77843093041209,
                -7.311213178587775
              ],
              [
                108.77823694640398,
                -7.311355433527059
              ],
              [
                108.77819814960235,
                -7.311795130612099
              ],
              [
                108.77846326108012,
                -7.31219603089553
              ],
              [
                108.77905167923804,
                -7.3123253535676
              ],
              [
                108.77950430859029,
                -7.312946102393544
              ],
              [
                108.77962069899516,
                -7.314006548304555
              ],
              [
                108.78011859128266,
                -7.314834213405816
              ],
              [
                108.78097858705192,
                -7.315157520086004
              ],
              [
                108.7813406905337,
                -7.315907591584018
              ],
              [
                108.78105618065513,
                -7.316360220936276
              ],
              [
                108.78059061903566,
                -7.316593001746006
              ],
              [
                108.78007332834738,
                -7.316541272677185
              ],
              [
                108.77981468300324,
                -7.316799918021328
              ],
              [
                108.77978881846882,
                -7.317330140976827
              ],
              [
                108.77923919711256,
                -7.317989686604391
              ],
              [
                108.77779078318535,
                -7.31793795753557
              ],
              [
                108.77665274367111,
                -7.317834499397909
              ],
              [
                108.77566989136335,
                -7.317368937778442
              ],
              [
                108.77481636172767,
                -7.316722324418092
              ],
              [
                108.77370418674784,
                -7.316851647090151
              ],
              [
                108.77303170885305,
                -7.317368937778443
              ],
              [
                108.77173848213232,
                -7.317989686604395
              ],
              [
                108.76997969379214,
                -7.317731041260255
              ],
              [
                108.76863473800258,
                -7.317524124984929
              ],
              [
                108.76791053103896,
                -7.317265479640794
              ],
              [
                108.76697940780004,
                -7.317834499397903
              ],
              [
                108.7665655752494,
                -7.318610435430351
              ],
              [
                108.76589309735462,
                -7.319438100531618
              ],
              [
                108.76511716132218,
                -7.320317494701713
              ],
              [
                108.76356528925731,
                -7.320679598183516
              ],
              [
                108.76227206253658,
                -7.32057614004586
              ]
            ]
          ]
        ]
      }
    },
    {
      "type": "Feature",
      "properties": {
        "id": null,
        "Lokasi": "Sungai Cilopadang",
        "Tanggal": "27 Jan 2024",
        "Waktu": null,
        "TMA max": "405.3",
        "Luas (ha)": 82,
        "PDA": "PDA Bendung Cilopadang"
      },
      "geometry": {
        "type": "MultiPolygon",
        "coordinates": [
          [
            [
              [
                108.77026420367069,
                -7.316230898264214
              ],
              [
                108.77093668156547,
                -7.314782484336987
              ],
              [
                108.77207472107972,
                -7.313437528547425
              ],
              [
                108.77191953387323,
                -7.312842644255888
              ],
              [
                108.77129878504728,
                -7.312532269842921
              ],
              [
                108.77039352634277,
                -7.312480540774096
              ],
              [
                108.76935894496619,
                -7.312842644255898
              ],
              [
                108.76904857055321,
                -7.312428811705259
              ],
              [
                108.76886751881231,
                -7.311290772191016
              ],
              [
                108.7692037577597,
                -7.309868222798214
              ],
              [
                108.76948826763827,
                -7.309247473972271
              ],
              [
                108.76992796472331,
                -7.309092286765782
              ],
              [
                108.77047111994601,
                -7.308859505956042
              ],
              [
                108.77122119144404,
                -7.308911235024873
              ],
              [
                108.7718678048044,
                -7.309066422231364
              ],
              [
                108.77269546990567,
                -7.308781912352799
              ],
              [
                108.7732903541972,
                -7.308600860611898
              ],
              [
                108.77401456116081,
                -7.308781912352804
              ],
              [
                108.77481636172767,
                -7.309169880369017
              ],
              [
                108.77527545721352,
                -7.309144015834603
              ],
              [
                108.7754047798856,
                -7.308523267008654
              ],
              [
                108.77508147320542,
                -7.308277553931721
              ],
              [
                108.77444779211226,
                -7.30786372138108
              ],
              [
                108.77388523848875,
                -7.307747330976221
              ],
              [
                108.77367832221343,
                -7.307048988547021
              ],
              [
                108.77406629022964,
                -7.306402375186657
              ],
              [
                108.77442839371145,
                -7.306531697858726
              ],
              [
                108.77507500707182,
                -7.30710071761586
              ],
              [
                108.7757474849666,
                -7.307126582150263
              ],
              [
                108.7764716919302,
                -7.307126582150274
              ],
              [
                108.77696311808408,
                -7.307618008304141
              ],
              [
                108.77763559597886,
                -7.308523267008648
              ],
              [
                108.77848912561454,
                -7.308859505956049
              ],
              [
                108.77960130059436,
                -7.308678454215148
              ],
              [
                108.77985994593851,
                -7.308393944336585
              ],
              [
                108.78048069476446,
                -7.308316350733334
              ],
              [
                108.78136008893456,
                -7.308549131543078
              ],
              [
                108.78161873427871,
                -7.309066422231364
              ],
              [
                108.78218775403583,
                -7.309325067575499
              ],
              [
                108.78257572205204,
                -7.3096613065229
              ],
              [
                108.78254985751764,
                -7.310023410004695
              ],
              [
                108.78229121217349,
                -7.310592429761827
              ],
              [
                108.78182565055403,
                -7.310954533243632
              ],
              [
                108.78115317265929,
                -7.31051483615858
              ],
              [
                108.78063588197095,
                -7.310282055348846
              ],
              [
                108.77952370699113,
                -7.310333784417676
              ],
              [
                108.77861844828662,
                -7.310695887899481
              ],
              [
                108.77784251225418,
                -7.311213178587775
              ],
              [
                108.77824341253765,
                -7.312221895429944
              ],
              [
                108.77890295816518,
                -7.31235121810202
              ],
              [
                108.77934265525022,
                -7.312868508790304
              ],
              [
                108.77916160350932,
                -7.313334070409771
              ],
              [
                108.77854085468337,
                -7.31354098668509
              ],
              [
                108.77833393840808,
                -7.31294610239356
              ],
              [
                108.77760973144447,
                -7.31276505065265
              ],
              [
                108.77696311808408,
                -7.313127154134449
              ],
              [
                108.77714416982498,
                -7.313670309357159
              ],
              [
                108.7773510861003,
                -7.314110006442215
              ],
              [
                108.77675620180877,
                -7.314420380855186
              ],
              [
                108.77600613031075,
                -7.314342787251935
              ],
              [
                108.77564402682894,
                -7.314549703527261
              ],
              [
                108.77564402682894,
                -7.314963536077897
              ],
              [
                108.77610958844839,
                -7.315506691300602
              ],
              [
                108.77548883962245,
                -7.315687743041508
              ],
              [
                108.77437666464262,
                -7.315196316887628
              ],
              [
                108.77401456116081,
                -7.315170452353202
              ],
              [
                108.77370418674784,
                -7.315325639559696
              ],
              [
                108.77354899954135,
                -7.315713607575915
              ],
              [
                108.77321276059396,
                -7.316179169195376
              ],
              [
                108.77277306350892,
                -7.316929240693402
              ],
              [
                108.7723850954927,
                -7.317368937778446
              ],
              [
                108.77197126294206,
                -7.317627583122591
              ],
              [
                108.77147983678819,
                -7.317679312191416
              ],
              [
                108.77140224318494,
                -7.317032698831066
              ],
              [
                108.77080735889344,
                -7.316929240693392
              ],
              [
                108.77034179727397,
                -7.316799918021323
              ],
              [
                108.77026420367069,
                -7.316230898264214
              ]
            ]
          ]
        ]
      }
    },
    {
      "type": "Feature",
      "properties": {
        "id": null,
        "Lokasi": "Sungai Cikawung",
        "Tanggal": "16 Des 2024",
        "Waktu": null,
        "TMA max": "625.0",
        "Luas (ha)": 717,
        "PDA": "PDA Cukangleuleus"
      },
      "geometry": {
        "type": "MultiPolygon",
        "coordinates": [
          [
            [
              [
                108.67005853121486,
                -7.352803349926447
              ],
              [
                108.66886876263179,
                -7.352337788306982
              ],
              [
                108.66824801380584,
                -7.351458394136888
              ],
              [
                108.66685132894744,
                -7.351458394136889
              ],
              [
                108.66560983129555,
                -7.351561852274553
              ],
              [
                108.66426487550599,
                -7.35052727089797
              ],
              [
                108.66509254060726,
                -7.349596147659037
              ],
              [
                108.66664441267213,
                -7.348923669764264
              ],
              [
                108.66767899404871,
                -7.349027127901923
              ],
              [
                108.6687135754253,
                -7.348716753488937
              ],
              [
                108.66943778238891,
                -7.348044275594171
              ],
              [
                108.66855838821881,
                -7.347216610492898
              ],
              [
                108.66757553591106,
                -7.345975112840991
              ],
              [
                108.66736861963574,
                -7.344474969844956
              ],
              [
                108.66778245218637,
                -7.34328520126188
              ],
              [
                108.66845493008115,
                -7.342819639642422
              ],
              [
                108.66964469866423,
                -7.34292309778007
              ],
              [
                108.66985161493955,
                -7.343440388468356
              ],
              [
                108.66985161493955,
                -7.344009408225491
              ],
              [
                108.66943778238891,
                -7.344681886120268
              ],
              [
                108.6699550730772,
                -7.345095718670905
              ],
              [
                108.67052409283431,
                -7.344837073326751
              ],
              [
                108.6706792800408,
                -7.344009408225491
              ],
              [
                108.6711965707291,
                -7.344009408225481
              ],
              [
                108.67145521607324,
                -7.344423240776131
              ],
              [
                108.6719207776927,
                -7.345043989602072
              ],
              [
                108.67264498465632,
                -7.344785344257916
              ],
              [
                108.67305881720695,
                -7.344112866363153
              ],
              [
                108.67274844279397,
                -7.343181743124226
              ],
              [
                108.6715586742109,
                -7.342974826848893
              ],
              [
                108.67011026028369,
                -7.342509265229446
              ],
              [
                108.6690756789071,
                -7.342250619885289
              ],
              [
                108.66829974287467,
                -7.341009122233389
              ],
              [
                108.66850665914998,
                -7.340595289682758
              ],
              [
                108.6695929695954,
                -7.340957393164572
              ],
              [
                108.67062755097197,
                -7.341733329196994
              ],
              [
                108.67145521607324,
                -7.341371225715198
              ],
              [
                108.6710413835226,
                -7.340440102476274
              ],
              [
                108.67031717655901,
                -7.339715895512667
              ],
              [
                108.66943778238891,
                -7.338370939723105
              ],
              [
                108.66969642773306,
                -7.33795710717247
              ],
              [
                108.67078273817846,
                -7.33775019089716
              ],
              [
                108.67166213234856,
                -7.338164023447793
              ],
              [
                108.67254152651866,
                -7.338991688549052
              ],
              [
                108.67393821137705,
                -7.339353792030857
              ],
              [
                108.67538662530427,
                -7.338939959480227
              ],
              [
                108.67600737413022,
                -7.339043417617875
              ],
              [
                108.67647293574967,
                -7.339508979237354
              ],
              [
                108.67714541364445,
                -7.340129728063299
              ],
              [
                108.6779213496769,
                -7.340026269925631
              ],
              [
                108.67833518222753,
                -7.338939959480227
              ],
              [
                108.67911111825997,
                -7.338060565310131
              ],
              [
                108.67988705429241,
                -7.33806056531012
              ],
              [
                108.68107682287548,
                -7.338991688549061
              ],
              [
                108.68086990660017,
                -7.339715895512664
              ],
              [
                108.6800422414989,
                -7.341112580371052
              ],
              [
                108.67890420198465,
                -7.34235407802295
              ],
              [
                108.67732891148864,
                -7.342523641098564
              ],
              [
                108.67687120947964,
                -7.342594056792263
              ],
              [
                108.67592059761479,
                -7.343403837269736
              ],
              [
                108.67627267608326,
                -7.343967162819282
              ],
              [
                108.6770419555068,
                -7.345819925634515
              ],
              [
                108.67750751712626,
                -7.34638894539164
              ],
              [
                108.67823172408987,
                -7.345871654703341
              ],
              [
                108.67890420198465,
                -7.345095718670901
              ],
              [
                108.68011033138954,
                -7.345551515927363
              ],
              [
                108.6816594766508,
                -7.346537335639068
              ],
              [
                108.6826452963625,
                -7.348227312287715
              ],
              [
                108.68377194746158,
                -7.349706041855272
              ],
              [
                108.68546192411021,
                -7.351607265584969
              ],
              [
                108.68637732812823,
                -7.352874748071455
              ],
              [
                108.68750397922732,
                -7.353367657927312
              ],
              [
                108.68856021463272,
                -7.353719736395773
              ],
              [
                108.68884187740748,
                -7.355198465963332
              ],
              [
                108.68877146171378,
                -7.356606779837188
              ],
              [
                108.68877146171378,
                -7.358155925098441
              ],
              [
                108.68891229310118,
                -7.359071329116449
              ],
              [
                108.6891411441057,
                -7.360153970406981
              ],
              [
                108.68928197549309,
                -7.361210205812371
              ],
              [
                108.69005654812372,
                -7.36170311566822
              ],
              [
                108.69116559529935,
                -7.360646880262832
              ],
              [
                108.69243307778584,
                -7.357548589740324
              ],
              [
                108.69186975223629,
                -7.354802377686295
              ],
              [
                108.69299640333537,
                -7.353041985343977
              ],
              [
                108.69510887414617,
                -7.351563255776428
              ],
              [
                108.69672843510111,
                -7.350507020371019
              ],
              [
                108.69665801940742,
                -7.349169122190846
              ],
              [
                108.69532012122724,
                -7.346774988605291
              ],
              [
                108.69334848180384,
                -7.344662517794497
              ],
              [
                108.69081351683089,
                -7.344662517794493
              ],
              [
                108.68850740286244,
                -7.34496178449269
              ],
              [
                108.68831375970478,
                -7.345313862961149
              ],
              [
                108.68834896755163,
                -7.346405306213397
              ],
              [
                108.6890883323354,
                -7.347003839609797
              ],
              [
                108.68919395587595,
                -7.347743204393566
              ],
              [
                108.68894750094802,
                -7.348341737789955
              ],
              [
                108.6877152263084,
                -7.348236114249421
              ],
              [
                108.68732793999308,
                -7.348940271186355
              ],
              [
                108.68708148506515,
                -7.349468388889038
              ],
              [
                108.6861308732003,
                -7.349855675204352
              ],
              [
                108.68489859856066,
                -7.348975479033189
              ],
              [
                108.68472255932643,
                -7.34767278869988
              ],
              [
                108.68553233980391,
                -7.347144670997185
              ],
              [
                108.68651815951561,
                -7.347039047456629
              ],
              [
                108.68778564200208,
                -7.346686968988171
              ],
              [
                108.687574394921,
                -7.345771564970167
              ],
              [
                108.68690544583092,
                -7.34573635712331
              ],
              [
                108.68616608104715,
                -7.346018019898092
              ],
              [
                108.68496901425436,
                -7.346018019898088
              ],
              [
                108.68430006516428,
                -7.345419486501696
              ],
              [
                108.68422964947058,
                -7.344820953105314
              ],
              [
                108.6831734140652,
                -7.344750537411613
              ],
              [
                108.6821875943535,
                -7.344644913871069
              ],
              [
                108.6820467629661,
                -7.343905549087293
              ],
              [
                108.6825748806688,
                -7.343377431384588
              ],
              [
                108.68602524965974,
                -7.343738311814774
              ],
              [
                108.68778564200205,
                -7.343808727508464
              ],
              [
                108.68870104602007,
                -7.342329997940912
              ],
              [
                108.68877146171376,
                -7.341132931148139
              ],
              [
                108.68947561865069,
                -7.339795032967959
              ],
              [
                108.69081351683086,
                -7.339935864355346
              ],
              [
                108.69067268544347,
                -7.340851268373348
              ],
              [
                108.69063747759662,
                -7.341801880238214
              ],
              [
                108.69151767376779,
                -7.342118750859838
              ],
              [
                108.69292598764166,
                -7.341414593922894
              ],
              [
                108.69499194239053,
                -7.340491831545096
              ],
              [
                108.69549616046146,
                -7.339812636891391
              ],
              [
                108.6956721996957,
                -7.338404323017525
              ],
              [
                108.69605948601101,
                -7.33787620531483
              ],
              [
                108.69693968218218,
                -7.337981828855363
              ],
              [
                108.6979404993138,
                -7.338784772273743
              ],
              [
                108.6984577900021,
                -7.340233186200948
              ],
              [
                108.69995793299815,
                -7.340647018751586
              ],
              [
                108.7013028887877,
                -7.34018145713212
              ],
              [
                108.70244092830194,
                -7.340181457132118
              ],
              [
                108.70363069688501,
                -7.341164309439876
              ],
              [
                108.70544121429404,
                -7.342509265229434
              ],
              [
                108.70720000263422,
                -7.342871368711251
              ],
              [
                108.70807939680432,
                -7.34313001405538
              ],
              [
                108.7083380421485,
                -7.343944746889446
              ],
              [
                108.70735518984074,
                -7.344565495715399
              ],
              [
                108.70688962822128,
                -7.345134515472512
              ],
              [
                108.70725173170305,
                -7.346440674460452
              ],
              [
                108.70833804214847,
                -7.347682172112364
              ],
              [
                108.70957953980036,
                -7.348923669764263
              ],
              [
                108.71020028862631,
                -7.349854793003186
              ],
              [
                108.71063553460552,
                -7.350929514533187
              ],
              [
                108.71111084053796,
                -7.351492840082726
              ],
              [
                108.71156854254696,
                -7.351580859699851
              ],
              [
                108.71169177001092,
                -7.351352008695337
              ],
              [
                108.7116565621641,
                -7.349890883051206
              ],
              [
                108.71169177001094,
                -7.348799439798963
              ],
              [
                108.71193822493886,
                -7.348271322096272
              ],
              [
                108.71243113479471,
                -7.347954451474642
              ],
              [
                108.71299446034426,
                -7.34837694563681
              ],
              [
                108.71345216235326,
                -7.34872902410527
              ],
              [
                108.71398028005596,
                -7.348341737789958
              ],
              [
                108.71475485268658,
                -7.348306529943113
              ],
              [
                108.71496609976766,
                -7.347919243627794
              ],
              [
                108.71577588024513,
                -7.347707996546719
              ],
              [
                108.71633920579468,
                -7.347989659321491
              ],
              [
                108.71633920579468,
                -7.348447361330501
              ],
              [
                108.71743064904692,
                -7.348482569177345
              ],
              [
                108.71792355890278,
                -7.348975479033194
              ],
              [
                108.71795876674962,
                -7.349644428123277
              ],
              [
                108.71845167660547,
                -7.350066922285438
              ],
              [
                108.71827563737124,
                -7.350630247834991
              ],
              [
                108.71801137801953,
                -7.351458394136885
              ],
              [
                108.71781793536223,
                -7.352601887258392
              ],
              [
                108.71746585689377,
                -7.353165212807936
              ],
              [
                108.71640962148838,
                -7.35302438142055
              ],
              [
                108.71558223708749,
                -7.352320224483617
              ],
              [
                108.7151421390019,
                -7.351985749938579
              ],
              [
                108.71466683306947,
                -7.351897730321461
              ],
              [
                108.71487808015056,
                -7.352637095105245
              ],
              [
                108.71493089192083,
                -7.353534895199823
              ],
              [
                108.71510693115506,
                -7.354520714911523
              ],
              [
                108.71593431555596,
                -7.35513685223135
              ],
              [
                108.71753627258747,
                -7.354890397303412
              ],
              [
                108.71831084521808,
                -7.354749565916027
              ],
              [
                108.71933187277664,
                -7.35538330715927
              ],
              [
                108.71968395124509,
                -7.354925605150268
              ],
              [
                108.7198423865559,
                -7.35450311098811
              ],
              [
                108.72042331602886,
                -7.354080616825946
              ],
              [
                108.72093382980813,
                -7.354239052136747
              ],
              [
                108.72125070042975,
                -7.354978416920527
              ],
              [
                108.72105705727209,
                -7.355893820938538
              ],
              [
                108.72005363363697,
                -7.357143699501602
              ],
              [
                108.7189445864613,
                -7.357108491654745
              ],
              [
                108.7187157354568,
                -7.356421938641249
              ],
              [
                108.7183217524325,
                -7.356062281262692
              ],
              [
                108.71739062919357,
                -7.355855364987372
              ],
              [
                108.7156835699222,
                -7.356062281262697
              ],
              [
                108.71475244668328,
                -7.355027699886114
              ],
              [
                108.71454553040797,
                -7.353424098752401
              ],
              [
                108.7143323585244,
                -7.352232204866496
              ],
              [
                108.71392478158202,
                -7.350889374379771
              ],
              [
                108.7133557618249,
                -7.350682458104456
              ],
              [
                108.71306487603793,
                -7.350278169366527
              ],
              [
                108.71264238187578,
                -7.350084526208861
              ],
              [
                108.71250155048838,
                -7.350630247834996
              ],
              [
                108.712360719101,
                -7.351316800848503
              ],
              [
                108.71246634264155,
                -7.352073769555689
              ],
              [
                108.71281842111,
                -7.352285016636778
              ],
              [
                108.71330403275607,
                -7.35244124644464
              ],
              [
                108.71314884554958,
                -7.353165453408252
              ],
              [
                108.71154524441587,
                -7.354044847578357
              ],
              [
                108.71030374676397,
                -7.352958537132938
              ],
              [
                108.71040668360102,
                -7.352214600943073
              ],
              [
                108.71009683048865,
                -7.351613581343375
              ],
              [
                108.70989616982175,
                -7.350894306686326
              ],
              [
                108.70982575412805,
                -7.350190149749397
              ],
              [
                108.70950888350643,
                -7.350260565443095
              ],
              [
                108.70922722073166,
                -7.35082389099264
              ],
              [
                108.70928003250192,
                -7.351668879316954
              ],
              [
                108.70935044819562,
                -7.352531471564702
              ],
              [
                108.70950888350643,
                -7.353130004961081
              ],
              [
                108.70922722073166,
                -7.354010201132246
              ],
              [
                108.70792420959783,
                -7.35456213826664
              ],
              [
                108.70694135729008,
                -7.35507942895494
              ],
              [
                108.70611369218881,
                -7.35595882312503
              ],
              [
                108.70518256894988,
                -7.356527842882153
              ],
              [
                108.70378588409149,
                -7.356527842882155
              ],
              [
                108.70280303178374,
                -7.356320926606843
              ],
              [
                108.70218228295779,
                -7.355234616161423
              ],
              [
                108.70259611550843,
                -7.353217182477081
              ],
              [
                108.70207882482013,
                -7.352492975513479
              ],
              [
                108.7007855980994,
                -7.352389517375816
              ],
              [
                108.69959582951633,
                -7.35337236968357
              ],
              [
                108.69788877024496,
                -7.354458680128991
              ],
              [
                108.69649208538658,
                -7.354665596404301
              ],
              [
                108.69535404587234,
                -7.355131158023765
              ],
              [
                108.6945781098399,
                -7.355648448712067
              ],
              [
                108.69488848425286,
                -7.356566639683782
              ],
              [
                108.69602652376712,
                -7.356786488226301
              ],
              [
                108.69633689818009,
                -7.357717611465228
              ],
              [
                108.69664727259307,
                -7.3589073800483
              ],
              [
                108.69747493769431,
                -7.359463467538204
              ],
              [
                108.69757839583197,
                -7.359929029157672
              ],
              [
                108.69731975048782,
                -7.360704965190116
              ],
              [
                108.69581960749177,
                -7.360498048914799
              ],
              [
                108.69468156797754,
                -7.360291132639479
              ],
              [
                108.69406081915159,
                -7.360704965190106
              ],
              [
                108.69483675518403,
                -7.361170526809577
              ],
              [
                108.69530231680349,
                -7.361584359360205
              ],
              [
                108.69525058773466,
                -7.362049920979681
              ],
              [
                108.69411254822042,
                -7.3621016500485
              ],
              [
                108.69380217380744,
                -7.362722398874451
              ],
              [
                108.69292277963734,
                -7.362463753530301
              ],
              [
                108.69209511453609,
                -7.36320089276112
              ],
              [
                108.69188819826077,
                -7.363976828793549
              ],
              [
                108.69209511453609,
                -7.365011410170149
              ],
              [
                108.69219857267375,
                -7.366045991546729
              ],
              [
                108.69209511453609,
                -7.367287489198636
              ],
              [
                108.69129331396923,
                -7.368179815635933
              ],
              [
                108.6905432424712,
                -7.368438460980075
              ],
              [
                108.68976730643875,
                -7.368257409239178
              ],
              [
                108.68943106749137,
                -7.367714254016462
              ],
              [
                108.68901723494074,
                -7.367921170291792
              ],
              [
                108.68883618319985,
                -7.368580715919351
              ],
              [
                108.68764641461678,
                -7.368787632194679
              ],
              [
                108.68656010417136,
                -7.368373799644049
              ],
              [
                108.68614627162073,
                -7.367390947336288
              ],
              [
                108.6866376977746,
                -7.366679672639873
              ],
              [
                108.68723258206613,
                -7.36673140170871
              ],
              [
                108.6876981436856,
                -7.366343433692499
              ],
              [
                108.6875429564791,
                -7.366007194745113
              ],
              [
                108.68738776927262,
                -7.365800278469782
              ],
              [
                108.68710325939405,
                -7.365800278469785
              ],
              [
                108.68679288498107,
                -7.36592960114186
              ],
              [
                108.68635318789603,
                -7.365696820332123
              ],
              [
                108.6861204070863,
                -7.36486915523086
              ],
              [
                108.68552552279476,
                -7.36461050988672
              ],
              [
                108.68547379372593,
                -7.364067354664019
              ],
              [
                108.68560311639803,
                -7.362890518348156
              ],
              [
                108.68586176174216,
                -7.362334430858238
              ],
              [
                108.6853962001227,
                -7.362101650048496
              ],
              [
                108.68480131583115,
                -7.362282701789399
              ],
              [
                108.68402537979874,
                -7.361959395109211
              ],
              [
                108.68392192166108,
                -7.363821641587071
              ],
              [
                108.68319771469747,
                -7.363976828793549
              ],
              [
                108.68247350773386,
                -7.363149163692293
              ],
              [
                108.68262869494035,
                -7.362269769522193
              ],
              [
                108.68299079842215,
                -7.361649020696253
              ],
              [
                108.68268042400918,
                -7.360252335837847
              ],
              [
                108.68164584263259,
                -7.359683316080736
              ],
              [
                108.680611261256,
                -7.358959109117119
              ],
              [
                108.68014569963654,
                -7.358131444015852
              ],
              [
                108.67968013801709,
                -7.357200320776935
              ],
              [
                108.67921457639763,
                -7.356786488226306
              ],
              [
                108.67812826595221,
                -7.356838217295124
              ],
              [
                108.6770419555068,
                -7.356424384744501
              ],
              [
                108.67636947761201,
                -7.355441532436747
              ],
              [
                108.67683503923148,
                -7.35352755689006
              ],
              [
                108.67709368457562,
                -7.352596433651139
              ],
              [
                108.6774040589886,
                -7.350889374379779
              ],
              [
                108.67699022643797,
                -7.350009980209672
              ],
              [
                108.67621429040553,
                -7.349699605796701
              ],
              [
                108.67631774854318,
                -7.3493375023149
              ],
              [
                108.6756452706484,
                -7.349234044177243
              ],
              [
                108.67435204392767,
                -7.349285773246061
              ],
              [
                108.6733174625511,
                -7.349130586039574
              ],
              [
                108.67269671372514,
                -7.348509837213621
              ],
              [
                108.672438068381,
                -7.348199462800655
              ],
              [
                108.67176559048622,
                -7.348199462800655
              ],
              [
                108.67135175793558,
                -7.348716753488943
              ],
              [
                108.67150694514207,
                -7.349440960452561
              ],
              [
                108.67150694514207,
                -7.350372083691481
              ],
              [
                108.67098965445378,
                -7.351613581343378
              ],
              [
                108.67083446724729,
                -7.352182601100496
              ],
              [
                108.67005853121486,
                -7.352803349926447
              ]
            ]
          ]
        ]
      }
    },
    {
      "type": "Feature",
      "properties": {
        "id": null,
        "Lokasi": "Sungai Cijalu",
        "Tanggal": "16 Des 2024",
        "Waktu": null,
        "TMA max": "62.3",
        "Luas (ha)": 105,
        "PDA": "PDA Bendung Cijalu"
      },
      "geometry": {
        "type": "MultiPolygon",
        "coordinates": [
          [
            [
              [
                108.7541744382122,
                -7.331507986016459
              ],
              [
                108.75364632050952,
                -7.330451750611068
              ],
              [
                108.75354069696897,
                -7.329184268124588
              ],
              [
                108.75359350873924,
                -7.327599915016489
              ],
              [
                108.75359350873924,
                -7.325698691286789
              ],
              [
                108.75385756759059,
                -7.324853702962471
              ],
              [
                108.75491380299599,
                -7.323850279327337
              ],
              [
                108.75533629715814,
                -7.322582796840858
              ],
              [
                108.75491380299599,
                -7.321420937894932
              ],
              [
                108.75412162644194,
                -7.321737808516557
              ],
              [
                108.75285414395546,
                -7.322054679138169
              ],
              [
                108.75243164979331,
                -7.321209690813852
              ],
              [
                108.75264289687439,
                -7.319466902394943
              ],
              [
                108.75243164979331,
                -7.317776925746302
              ],
              [
                108.75200915563114,
                -7.317037560962528
              ],
              [
                108.75095292022576,
                -7.316509443259831
              ],
              [
                108.75026636721225,
                -7.315453207854441
              ],
              [
                108.74979106127982,
                -7.314291348908509
              ],
              [
                108.75211477917169,
                -7.312020442786905
              ],
              [
                108.75412162644194,
                -7.311650760395016
              ],
              [
                108.75655096787435,
                -7.312178878097709
              ],
              [
                108.75776563859056,
                -7.31334073704365
              ],
              [
                108.75707908557705,
                -7.314449784219312
              ],
              [
                108.75533629715814,
                -7.314291348908498
              ],
              [
                108.75391037936086,
                -7.31365760766526
              ],
              [
                108.75311820280682,
                -7.314344160678781
              ],
              [
                108.75259008510412,
                -7.315875702016601
              ],
              [
                108.75343507342843,
                -7.316984749192266
              ],
              [
                108.75428006175275,
                -7.317460055124702
              ],
              [
                108.7541744382122,
                -7.318305043449014
              ],
              [
                108.75475536768518,
                -7.320047831867908
              ],
              [
                108.75618128548246,
                -7.320470326030065
              ],
              [
                108.7568150267257,
                -7.32152656143547
              ],
              [
                108.75618128548246,
                -7.322213114448976
              ],
              [
                108.75591722663111,
                -7.324167149948956
              ],
              [
                108.75649815610409,
                -7.32485370296246
              ],
              [
                108.7568150267257,
                -7.326068373678663
              ],
              [
                108.75602285017165,
                -7.326913362002982
              ],
              [
                108.75693615493729,
                -7.328283350828756
              ],
              [
                108.75744461218696,
                -7.327569089454189
              ],
              [
                108.75821940418649,
                -7.327988768453934
              ],
              [
                108.7587036491862,
                -7.328166324953831
              ],
              [
                108.75903454993603,
                -7.328553720953599
              ],
              [
                108.75871979068619,
                -7.329070248953298
              ],
              [
                108.76137910280958,
                -7.331184785452018
              ],
              [
                108.76230723905906,
                -7.331241280701973
              ],
              [
                108.76275920105876,
                -7.328924975453374
              ],
              [
                108.76298518205863,
                -7.32844880120365
              ],
              [
                108.76316273855852,
                -7.328255103203771
              ],
              [
                108.76340486105838,
                -7.328416518203674
              ],
              [
                108.7633967903084,
                -7.330038738952693
              ],
              [
                108.76355820530827,
                -7.330539125452405
              ],
              [
                108.76315466780852,
                -7.33191115295157
              ],
              [
                108.76276727180876,
                -7.332201699951407
              ],
              [
                108.76228302680904,
                -7.334429226950061
              ],
              [
                108.76195212605921,
                -7.335066816199673
              ],
              [
                108.76101591905983,
                -7.335373504699501
              ],
              [
                108.76053167406012,
                -7.334824693699828
              ],
              [
                108.76033797606024,
                -7.334017618700308
              ],
              [
                108.75898209006105,
                -7.33298456270093
              ],
              [
                108.75743250606199,
                -7.331919223701571
              ],
              [
                108.75689983656228,
                -7.333476878450641
              ],
              [
                108.75634699018761,
                -7.335236301949581
              ],
              [
                108.75540271243815,
                -7.335413858449487
              ],
              [
                108.75578203768796,
                -7.333380029450698
              ],
              [
                108.7558950281879,
                -7.331459190951853
              ],
              [
                108.75586274518791,
                -7.330652115952339
              ],
              [
                108.75533629715814,
                -7.330504562381341
              ],
              [
                108.7541744382122,
                -7.331507986016459
              ]
            ]
          ]
        ]
      }
    },
    {
      "type": "Feature",
      "properties": {
        "id": null,
        "Lokasi": "Sungai Cimeneng",
        "Tanggal": "16 Des 2024",
        "Waktu": null,
        "TMA max": "507.0",
        "Luas (ha)": 447,
        "PDA": "PDA Stinggil"
      },
      "geometry": {
        "type": "MultiPolygon",
        "coordinates": [
          [
            [
              [
                108.81451750831296,
                -7.651828168901868
              ],
              [
                108.81404319088728,
                -7.650215489654546
              ],
              [
                108.81442264482781,
                -7.648602810407222
              ],
              [
                108.81480605141351,
                -7.648334030532659
              ],
              [
                108.81593255529951,
                -7.648290551435307
              ],
              [
                108.81624876691664,
                -7.647907144849569
              ],
              [
                108.81624876691664,
                -7.646938746772117
              ],
              [
                108.81639106214435,
                -7.646780640963543
              ],
              [
                108.81745827635207,
                -7.646808309480062
              ],
              [
                108.81989310580401,
                -7.646073117470261
              ],
              [
                108.82071525600853,
                -7.645820148176558
              ],
              [
                108.82134767924276,
                -7.645472315397742
              ],
              [
                108.82068363484682,
                -7.645029619133766
              ],
              [
                108.8203674232297,
                -7.644302332414386
              ],
              [
                108.82081011949366,
                -7.643100728269332
              ],
              [
                108.82172713318332,
                -7.642942622460765
              ],
              [
                108.82315008546036,
                -7.643163970592751
              ],
              [
                108.82409872031172,
                -7.643796393826999
              ],
              [
                108.82501573400137,
                -7.643132349431046
              ],
              [
                108.826154095823,
                -7.642531547358508
              ],
              [
                108.82586950536759,
                -7.641772639477424
              ],
              [
                108.82554934110517,
                -7.641262748244788
              ],
              [
                108.82548609878175,
                -7.640843767852113
              ],
              [
                108.82533194561842,
                -7.640163912875304
              ],
              [
                108.82616990640386,
                -7.639622400481005
              ],
              [
                108.8268023296381,
                -7.639448484091584
              ],
              [
                108.82702367777009,
                -7.638958356085047
              ],
              [
                108.82692881428495,
                -7.638025531814532
              ],
              [
                108.82675489789554,
                -7.637235002771734
              ],
              [
                108.82691300370409,
                -7.636808117088618
              ],
              [
                108.827798396232,
                -7.636175693854377
              ],
              [
                108.82915810618557,
                -7.63543654919934
              ],
              [
                108.83062849020519,
                -7.634061028664871
              ],
              [
                108.83187752609285,
                -7.633835727887677
              ],
              [
                108.83222535887168,
                -7.633234925815147
              ],
              [
                108.83219373770997,
                -7.632317912125503
              ],
              [
                108.83197238957798,
                -7.631274413789008
              ],
              [
                108.83232022235681,
                -7.630041188482227
              ],
              [
                108.83260481281222,
                -7.629124174792577
              ],
              [
                108.83311075139962,
                -7.628934447822314
              ],
              [
                108.83399614392756,
                -7.628586615043474
              ],
              [
                108.83402776508927,
                -7.627796086000676
              ],
              [
                108.83292102442935,
                -7.626752587664168
              ],
              [
                108.83171942028429,
                -7.625076666093435
              ],
              [
                108.83162455679916,
                -7.624064788918645
              ],
              [
                108.83194076841627,
                -7.623748577301518
              ],
              [
                108.83244670700367,
                -7.623685334978101
              ],
              [
                108.83288940326763,
                -7.624128031242074
              ],
              [
                108.83355344766359,
                -7.624602348667752
              ],
              [
                108.83447046135323,
                -7.625803952812813
              ],
              [
                108.8348815364555,
                -7.626467997208763
              ],
              [
                108.8353874750429,
                -7.626847451149314
              ],
              [
                108.83605151943884,
                -7.626879072311028
              ],
              [
                108.83671556383479,
                -7.626436376047053
              ],
              [
                108.83706339661363,
                -7.625740710489395
              ],
              [
                108.83703177545192,
                -7.624855317961445
              ],
              [
                108.83700015429021,
                -7.623558850331254
              ],
              [
                108.83731636590733,
                -7.622736700126746
              ],
              [
                108.83839148540554,
                -7.622104276892499
              ],
              [
                108.83924525677176,
                -7.622388867347907
              ],
              [
                108.83994092232943,
                -7.62188292876051
              ],
              [
                108.84025713394655,
                -7.621345369011405
              ],
              [
                108.84035199743168,
                -7.620523218806888
              ],
              [
                108.84082631485737,
                -7.619859174410933
              ],
              [
                108.8417117073853,
                -7.619764310925805
              ],
              [
                108.8422176459727,
                -7.619511341632108
              ],
              [
                108.84262872107496,
                -7.619321614661836
              ],
              [
                108.84313465966235,
                -7.619574583955526
              ],
              [
                108.84319790198577,
                -7.62036511299834
              ],
              [
                108.8437987040583,
                -7.620934293909142
              ],
              [
                108.84439950613083,
                -7.621313747849687
              ],
              [
                108.84500030820337,
                -7.621693201790235
              ],
              [
                108.84572759492274,
                -7.621914549922232
              ],
              [
                108.84632839699526,
                -7.621471853658259
              ],
              [
                108.84670785093581,
                -7.620554839968611
              ],
              [
                108.8466762297741,
                -7.620112143704626
              ],
              [
                108.84705568371464,
                -7.61954296279381
              ],
              [
                108.8473086530083,
                -7.619187224724562
              ],
              [
                108.84844701482994,
                -7.619021213625564
              ],
              [
                108.84971186129843,
                -7.618246495163629
              ],
              [
                108.84942727084302,
                -7.616886785210008
              ],
              [
                108.84999645175384,
                -7.616475710107747
              ],
              [
                108.851735615648,
                -7.615621938741513
              ],
              [
                108.85309532560163,
                -7.615558696418097
              ],
              [
                108.85388585464443,
                -7.615021136668995
              ],
              [
                108.85447084613608,
                -7.614981610216843
              ],
              [
                108.85470800484892,
                -7.615266200672253
              ],
              [
                108.85521394343631,
                -7.615614033451089
              ],
              [
                108.85581474550887,
                -7.615590317579807
              ],
              [
                108.85627325235367,
                -7.616151593200189
              ],
              [
                108.85663689571338,
                -7.616886785210004
              ],
              [
                108.85812309031384,
                -7.618815676074438
              ],
              [
                108.85831281728412,
                -7.619353235823548
              ],
              [
                108.85755390940302,
                -7.620428355321762
              ],
              [
                108.85625744177283,
                -7.621598338305114
              ],
              [
                108.8546131413638,
                -7.622515351994759
              ],
              [
                108.85249452352909,
                -7.623748577301519
              ],
              [
                108.85145102519259,
                -7.62441262169748
              ],
              [
                108.85069211731151,
                -7.625013423770005
              ],
              [
                108.85132454054575,
                -7.627385010898428
              ],
              [
                108.85151426751602,
                -7.629092553630874
              ],
              [
                108.85170399448629,
                -7.630483884746203
              ],
              [
                108.85195696377998,
                -7.631116307980438
              ],
              [
                108.85192534261827,
                -7.632033321670104
              ],
              [
                108.85126129822233,
                -7.632096563993515
              ],
              [
                108.8506604961498,
                -7.631527383082704
              ],
              [
                108.84999645175384,
                -7.631021444495316
              ],
              [
                108.84895295341734,
                -7.630926581010175
              ],
              [
                108.84809918205112,
                -7.631717110052975
              ],
              [
                108.84737189533173,
                -7.632634123742625
              ],
              [
                108.84680271442092,
                -7.633361410462004
              ],
              [
                108.84620191234839,
                -7.633361410462004
              ],
              [
                108.84566435259929,
                -7.633582758593996
              ],
              [
                108.84560111027587,
                -7.634531393445349
              ],
              [
                108.84531651982046,
                -7.635227059003012
              ],
              [
                108.84424140032225,
                -7.635353543649866
              ],
              [
                108.84373546173485,
                -7.634974089709321
              ],
              [
                108.84345087127944,
                -7.63443652996022
              ],
              [
                108.84316628082404,
                -7.633993833696245
              ],
              [
                108.84266034223664,
                -7.63358275859399
              ],
              [
                108.84186981319384,
                -7.632855471874608
              ],
              [
                108.84164846506185,
                -7.632254669802073
              ],
              [
                108.84133225344473,
                -7.632286290963787
              ],
              [
                108.84069983021048,
                -7.632697366066056
              ],
              [
                108.84022551278481,
                -7.63342465278543
              ],
              [
                108.84013064929967,
                -7.634341666475074
              ],
              [
                108.84051010324022,
                -7.635037332032746
              ],
              [
                108.8409844206659,
                -7.635416785973281
              ],
              [
                108.84092117834248,
                -7.636080830369243
              ],
              [
                108.84038361859338,
                -7.636460284309783
              ],
              [
                108.8399093011677,
                -7.636650011280055
              ],
              [
                108.83924525677175,
                -7.63683973825033
              ],
              [
                108.83883418166948,
                -7.637440540322868
              ],
              [
                108.83823337959696,
                -7.637567024969717
              ],
              [
                108.83750609287758,
                -7.637408919161151
              ],
              [
                108.83671556383477,
                -7.636681632441778
              ],
              [
                108.83516612691089,
                -7.63592272456068
              ],
              [
                108.83475505180863,
                -7.636555147794927
              ],
              [
                108.83409100741267,
                -7.637219192190883
              ],
              [
                108.8333637206933,
                -7.637725130778266
              ],
              [
                108.83250994932708,
                -7.638199448203959
              ],
              [
                108.83146645099058,
                -7.638673765629624
              ],
              [
                108.8307391642712,
                -7.639527536995853
              ],
              [
                108.82991701406668,
                -7.640254823715235
              ],
              [
                108.82871540992161,
                -7.641393185536875
              ],
              [
                108.82716597299773,
                -7.642816137813909
              ],
              [
                108.8265335497635,
                -7.643480182209878
              ],
              [
                108.82669165557205,
                -7.644112605444109
              ],
              [
                108.82719759415944,
                -7.644745028678357
              ],
              [
                108.82770353274684,
                -7.645440694236023
              ],
              [
                108.82770353274684,
                -7.64635770792566
              ],
              [
                108.82767191158513,
                -7.647053373483342
              ],
              [
                108.82700786718917,
                -7.647306342777027
              ],
              [
                108.82620943285593,
                -7.646998036450342
              ],
              [
                108.82587741065795,
                -7.64644466612037
              ],
              [
                108.82555329375042,
                -7.64578852701486
              ],
              [
                108.82485762819275,
                -7.645061240295472
              ],
              [
                108.82438331076708,
                -7.644776649840073
              ],
              [
                108.82387737217968,
                -7.644839892163486
              ],
              [
                108.82324494894543,
                -7.645377451912592
              ],
              [
                108.8231738013316,
                -7.64614426508412
              ],
              [
                108.823679739919,
                -7.646428855539523
              ],
              [
                108.82369555049986,
                -7.647171952839757
              ],
              [
                108.82344258120617,
                -7.647899239559126
              ],
              [
                108.8230315061039,
                -7.648073155948554
              ],
              [
                108.82229631409407,
                -7.6482549776284
              ],
              [
                108.82115795227243,
                -7.648349841113534
              ],
              [
                108.82017769625936,
                -7.648381462275242
              ],
              [
                108.81903933443773,
                -7.648507946922092
              ],
              [
                108.81828042655664,
                -7.648539568083797
              ],
              [
                108.81755313983726,
                -7.648824158539221
              ],
              [
                108.81685747427959,
                -7.64882415853921
              ],
              [
                108.81677842137529,
                -7.648800442667926
              ],
              [
                108.81631991453045,
                -7.649638403453297
              ],
              [
                108.8148653410917,
                -7.65189931651571
              ],
              [
                108.81451750831296,
                -7.651828168901868
              ]
            ]
          ]
        ]
      }
    },
    {
      "type": "Feature",
      "properties": {
        "id": null,
        "Lokasi": "Sungai Cilopadang",
        "Tanggal": "27 Jan 2024",
        "Waktu": null,
        "TMA max": "405.3",
        "Luas (ha)": 47,
        "PDA": "PDA Bendung Cilopadang"
      },
      "geometry": {
        "type": "MultiPolygon",
        "coordinates": [
          [
            [
              [
                108.7541744382122,
                -7.331507986016459
              ],
              [
                108.75415578156391,
                -7.330708611202309
              ],
              [
                108.75405893256398,
                -7.329772404202872
              ],
              [
                108.75420420606389,
                -7.329465715703051
              ],
              [
                108.75464002656362,
                -7.329368866703108
              ],
              [
                108.7548498660635,
                -7.329013753703316
              ],
              [
                108.75478530006353,
                -7.328432659703664
              ],
              [
                108.75473687556357,
                -7.327690150704122
              ],
              [
                108.75494671506344,
                -7.327189764204406
              ],
              [
                108.75538253556317,
                -7.327028349204515
              ],
              [
                108.75562465806303,
                -7.32730275470435
              ],
              [
                108.75588292206288,
                -7.327415745204283
              ],
              [
                108.75620575206268,
                -7.327431886704263
              ],
              [
                108.75628645956263,
                -7.327706292204106
              ],
              [
                108.75638330856258,
                -7.328077546703873
              ],
              [
                108.75660928956243,
                -7.328384235203702
              ],
              [
                108.75693615493729,
                -7.328283350828756
              ],
              [
                108.75744461218696,
                -7.327569089454189
              ],
              [
                108.75821940418649,
                -7.327988768453934
              ],
              [
                108.7587036491862,
                -7.328166324953831
              ],
              [
                108.75903454993603,
                -7.328553720953599
              ],
              [
                108.75871979068619,
                -7.329070248953298
              ],
              [
                108.76137910280958,
                -7.331184785452018
              ],
              [
                108.76230723905906,
                -7.331241280701973
              ],
              [
                108.76275920105876,
                -7.328924975453374
              ],
              [
                108.76298518205863,
                -7.32844880120365
              ],
              [
                108.76316273855852,
                -7.328255103203771
              ],
              [
                108.76340486105838,
                -7.328416518203674
              ],
              [
                108.7633967903084,
                -7.330038738952693
              ],
              [
                108.76355820530827,
                -7.330539125452405
              ],
              [
                108.76315466780852,
                -7.33191115295157
              ],
              [
                108.76276727180876,
                -7.332201699951407
              ],
              [
                108.76228302680904,
                -7.334429226950061
              ],
              [
                108.76195212605921,
                -7.335066816199673
              ],
              [
                108.76101591905983,
                -7.335373504699501
              ],
              [
                108.76053167406012,
                -7.334824693699828
              ],
              [
                108.76033797606024,
                -7.334017618700308
              ],
              [
                108.75898209006105,
                -7.33298456270093
              ],
              [
                108.75743250606199,
                -7.331919223701571
              ],
              [
                108.75689983656228,
                -7.333476878450641
              ],
              [
                108.75634699018761,
                -7.335236301949581
              ],
              [
                108.75540271243815,
                -7.335413858449487
              ],
              [
                108.75578203768796,
                -7.333380029450698
              ],
              [
                108.7558950281879,
                -7.331459190951853
              ],
              [
                108.75586274518791,
                -7.330652115952339
              ],
              [
                108.75533629715814,
                -7.330504562381341
              ],
              [
                108.7541744382122,
                -7.331507986016459
              ]
            ]
          ]
        ]
      }
    }
  ]
}